[2026-09-16T10:20:40.011Z] [debug] [vite] connecting...
[2026-09-16T10:20:40.034Z] [debug] [vite] connected.
[2026-09-16T10:20:40.439Z] [log] %c %c %c %c %c Phaser v3.90.0 (Canvas | Web Audio) %c https://phaser.io/v390 background: #ff0000 background: #ffff00 background: #00ff00 background: #00ffff color: #ffffff; background: #000000 background: transparent
[2026-09-16T10:22:24.178Z] [log] [vite] server connection lost. Polling for restart...
[2026-09-16T10:22:24.189Z] [error] WebSocket connection to 'ws://localhost:5183/' failed: Error in connection establishment: net::ERR_CONNECTION_REFUSED
[2026-09-16T10:22:25.190Z] [error] WebSocket connection to 'ws://localhost:5183/' failed: Error in connection establishment: net::ERR_CONNECTION_REFUSED
[2026-09-16T10:22:26.192Z] [error] WebSocket connection to 'ws://localhost:5183/' failed: Error in connection establishment: net::ERR_CONNECTION_REFUSED
[2026-09-16T10:22:27.192Z] [error] WebSocket connection to 'ws://localhost:5183/' failed: Error in connection establishment: net::ERR_CONNECTION_REFUSED
[2026-09-16T10:22:28.194Z] [error] WebSocket connection to 'ws://localhost:5183/' failed: Error in connection establishment: net::ERR_CONNECTION_REFUSED
[2026-09-16T10:22:29.198Z] [error] WebSocket connection to 'ws://localhost:5183/' failed: Error in connection establishment: net::ERR_CONNECTION_REFUSED
[2026-09-16T10:22:30.201Z] [error] WebSocket connection to 'ws://localhost:5183/' failed: Error in connection establishment: net::ERR_CONNECTION_REFUSED
[2026-09-16T10:22:31.205Z] [error] WebSocket connection to 'ws://localhost:5183/' failed: Error in connection establishment: net::ERR_CONNECTION_REFUSED
[2026-09-16T10:22:32.209Z] [error] WebSocket connection to 'ws://localhost:5183/' failed: Error in connection establishment: net::ERR_CONNECTION_REFUSED
[2026-09-16T10:22:33.210Z] [error] WebSocket connection to 'ws://localhost:5183/' failed: Error in connection establishment: net::ERR_CONNECTION_REFUSED
[2026-09-16T10:22:34.216Z] [error] WebSocket connection to 'ws://localhost:5183/' failed: Error in connection establishment: net::ERR_CONNECTION_REFUSED
[2026-09-16T10:22:35.220Z] [error] WebSocket connection to 'ws://localhost:5183/' failed: Error in connection establishment: net::ERR_CONNECTION_REFUSED
[2026-09-16T10:22:36.226Z] [error] WebSocket connection to 'ws://localhost:5183/' failed: Error in connection establishment: net::ERR_CONNECTION_REFUSED
[2026-09-16T10:22:37.232Z] [error] WebSocket connection to 'ws://localhost:5183/' failed: Error in connection establishment: net::ERR_CONNECTION_REFUSED
[2026-09-16T10:22:38.239Z] [error] WebSocket connection to 'ws://localhost:5183/' failed: Error in connection establishment: net::ERR_CONNECTION_REFUSED
[2026-09-16T10:22:39.245Z] [error] WebSocket connection to 'ws://localhost:5183/' failed: Error in connection establishment: net::ERR_CONNECTION_REFUSED
[2026-09-16T10:22:40.285Z] [error] WebSocket connection to 'ws://localhost:5183/' failed: Error in connection establishment: net::ERR_CONNECTION_REFUSED
[2026-09-16T10:22:41.322Z] [error] WebSocket connection to 'ws://localhost:5183/' failed: Error in connection establishment: net::ERR_CONNECTION_REFUSED
[2026-09-16T10:22:42.373Z] [error] WebSocket connection to 'ws://localhost:5183/' failed: Error in connection establishment: net::ERR_CONNECTION_REFUSED
[2026-09-16T10:22:43.407Z] [error] WebSocket connection to 'ws://localhost:5183/' failed: Error in connection establishment: net::ERR_CONNECTION_REFUSED
[2026-09-16T10:22:44.510Z] [error] WebSocket connection to 'ws://localhost:5183/' failed: Error in connection establishment: net::ERR_CONNECTION_REFUSED
[2026-09-16T10:22:45.673Z] [error] WebSocket connection to 'ws://localhost:5183/' failed: Error in connection establishment: net::ERR_CONNECTION_REFUSED
[2026-09-16T10:22:46.884Z] [error] WebSocket connection to 'ws://localhost:5183/' failed: Error in connection establishment: net::ERR_CONNECTION_REFUSED
[2026-09-16T10:22:48.193Z] [error] WebSocket connection to 'ws://localhost:5183/' failed: Error in connection establishment: net::ERR_CONNECTION_REFUSED
[2026-09-16T10:22:49.372Z] [error] WebSocket connection to 'ws://localhost:5183/' failed: Error in connection establishment: net::ERR_CONNECTION_REFUSED
[2026-09-16T10:22:50.981Z] [error] WebSocket connection to 'ws://localhost:5183/' failed: Error in connection establishment: net::ERR_CONNECTION_REFUSED
[2026-09-16T10:22:52.848Z] [error] WebSocket connection to 'ws://localhost:5183/' failed: Error in connection establishment: net::ERR_CONNECTION_REFUSED
[2026-09-16T10:22:54.503Z] [error] WebSocket connection to 'ws://localhost:5183/' failed: Error in connection establishment: net::ERR_CONNECTION_REFUSED
[2026-09-16T10:22:57.436Z] [error] WebSocket connection to 'ws://localhost:5183/' failed: Error in connection establishment: net::ERR_CONNECTION_REFUSED
[2026-09-16T10:22:59.095Z] [error] WebSocket connection to 'ws://localhost:5183/' failed: Error in connection establishment: net::ERR_CONNECTION_REFUSED
[2026-09-16T10:23:02.511Z] [error] WebSocket connection to 'ws://localhost:5183/' failed: Error in connection establishment: net::ERR_CONNECTION_REFUSED
[2026-09-16T10:23:07.943Z] [error] WebSocket connection to 'ws://localhost:5183/' failed: Error in connection establishment: net::ERR_CONNECTION_REFUSED
[2026-09-16T10:23:11.042Z] [error] WebSocket connection to 'ws://localhost:5183/' failed: Error in connection establishment: net::ERR_CONNECTION_REFUSED
[2026-09-16T10:23:16.851Z] [error] WebSocket connection to 'ws://localhost:5183/' failed: Error in connection establishment: net::ERR_CONNECTION_REFUSED
[2026-09-16T10:23:20.915Z] [error] WebSocket connection to 'ws://localhost:5183/' failed: Error in connection establishment: net::ERR_CONNECTION_REFUSED
[2026-09-16T10:23:26.315Z] [error] WebSocket connection to 'ws://localhost:5183/' failed: Error in connection establishment: net::ERR_CONNECTION_REFUSED
[2026-09-16T10:23:29.832Z] [error] WebSocket connection to 'ws://localhost:5183/' failed: Error in connection establishment: net::ERR_CONNECTION_REFUSED
[2026-09-16T10:23:34.124Z] [error] WebSocket connection to 'ws://localhost:5183/' failed: Error in connection establishment: net::ERR_CONNECTION_REFUSED
[2026-09-16T10:23:39.848Z] [error] WebSocket connection to 'ws://localhost:5183/' failed: Error in connection establishment: net::ERR_CONNECTION_REFUSED
[2026-09-16T10:23:44.254Z] [error] WebSocket connection to 'ws://localhost:5183/' failed: Error in connection establishment: net::ERR_CONNECTION_REFUSED
[2026-09-16T10:23:46.690Z] [error] WebSocket connection to 'ws://localhost:5183/' failed: Error in connection establishment: net::ERR_CONNECTION_REFUSED
[2026-09-16T10:23:48.703Z] [error] WebSocket connection to 'ws://localhost:5183/' failed: Error in connection establishment: net::ERR_CONNECTION_REFUSED
[2026-09-16T10:23:50.789Z] [error] WebSocket connection to 'ws://localhost:5183/' failed: Error in connection establishment: net::ERR_CONNECTION_REFUSED
[2026-09-16T10:23:56.499Z] [error] WebSocket connection to 'ws://localhost:5183/' failed: Error in connection establishment: net::ERR_CONNECTION_REFUSED
[2026-09-16T10:23:59.698Z] [error] WebSocket connection to 'ws://localhost:5183/' failed: Error in connection establishment: net::ERR_CONNECTION_REFUSED
[2026-09-16T10:24:02.677Z] [error] WebSocket connection to 'ws://localhost:5183/' failed: Error in connection establishment: net::ERR_CONNECTION_REFUSED
[2026-09-16T10:24:05.355Z] [error] WebSocket connection to 'ws://localhost:5183/' failed: Error in connection establishment: net::ERR_CONNECTION_REFUSED
[2026-09-16T10:24:09.452Z] [error] WebSocket connection to 'ws://localhost:5183/' failed: Error in connection establishment: net::ERR_CONNECTION_REFUSED
[2026-09-16T10:24:13.551Z] [error] WebSocket connection to 'ws://localhost:5183/' failed: Error in connection establishment: net::ERR_CONNECTION_REFUSED
[2026-09-16T10:24:16.532Z] [error] WebSocket connection to 'ws://localhost:5183/' failed: Error in connection establishment: net::ERR_CONNECTION_REFUSED
[2026-09-16T10:24:19.099Z] [error] WebSocket connection to 'ws://localhost:5183/' failed: Error in connection establishment: net::ERR_CONNECTION_REFUSED
[2026-09-16T10:24:23.198Z] [error] WebSocket connection to 'ws://localhost:5183/' failed: Error in connection establishment: net::ERR_CONNECTION_REFUSED
[2026-09-16T10:24:27.699Z] [error] WebSocket connection to 'ws://localhost:5183/' failed: Error in connection establishment: net::ERR_CONNECTION_REFUSED
[2026-09-16T10:24:31.625Z] [error] WebSocket connection to 'ws://localhost:5183/' failed: Error in connection establishment: net::ERR_CONNECTION_REFUSED
[2026-09-16T10:24:36.606Z] [error] WebSocket connection to 'ws://localhost:5183/' failed: Error in connection establishment: net::ERR_CONNECTION_REFUSED
[2026-09-16T10:24:39.479Z] [error] WebSocket connection to 'ws://localhost:5183/' failed: Error in connection establishment: net::ERR_CONNECTION_REFUSED
[2026-09-16T10:24:40.481Z] [error] WebSocket connection to 'ws://localhost:5183/' failed: Error in connection establishment: net::ERR_CONNECTION_REFUSED
[2026-09-16T10:24:41.484Z] [error] WebSocket connection to 'ws://localhost:5183/' failed: Error in connection establishment: net::ERR_CONNECTION_REFUSED
[2026-09-16T10:24:42.487Z] [error] WebSocket connection to 'ws://localhost:5183/' failed: Error in connection establishment: net::ERR_CONNECTION_REFUSED
[2026-09-16T10:24:43.490Z] [error] WebSocket connection to 'ws://localhost:5183/' failed: Error in connection establishment: net::ERR_CONNECTION_REFUSED
[2026-09-16T10:24:44.492Z] [error] WebSocket connection to 'ws://localhost:5183/' failed: Error in connection establishment: net::ERR_CONNECTION_REFUSED
[2026-09-16T10:24:45.501Z] [error] WebSocket connection to 'ws://localhost:5183/' failed: Error in connection establishment: net::ERR_CONNECTION_REFUSED
[2026-09-16T10:24:46.515Z] [error] WebSocket connection to 'ws://localhost:5183/' failed: Error in connection establishment: net::ERR_CONNECTION_REFUSED
[2026-09-16T10:24:47.538Z] [error] WebSocket connection to 'ws://localhost:5183/' failed: Error in connection establishment: net::ERR_CONNECTION_REFUSED
[2026-09-16T10:24:48.566Z] [error] WebSocket connection to 'ws://localhost:5183/' failed: Error in connection establishment: net::ERR_CONNECTION_REFUSED
[2026-09-16T10:24:49.620Z] [error] WebSocket connection to 'ws://localhost:5183/' failed: Error in connection establishment: net::ERR_CONNECTION_REFUSED
[2026-09-16T10:24:50.758Z] [error] WebSocket connection to 'ws://localhost:5183/' failed: Error in connection establishment: net::ERR_CONNECTION_REFUSED
[2026-09-16T10:24:51.869Z] [error] WebSocket connection to 'ws://localhost:5183/' failed: Error in connection establishment: net::ERR_CONNECTION_REFUSED
[2026-09-16T10:24:53.264Z] [error] WebSocket connection to 'ws://localhost:5183/' failed: Error in connection establishment: net::ERR_CONNECTION_REFUSED
[2026-09-16T10:24:54.548Z] [error] WebSocket connection to 'ws://localhost:5183/' failed: Error in connection establishment: net::ERR_CONNECTION_REFUSED
[2026-09-16T10:24:56.313Z] [error] WebSocket connection to 'ws://localhost:5183/' failed: Error in connection establishment: net::ERR_CONNECTION_REFUSED
[2026-09-16T10:24:59.423Z] [error] WebSocket connection to 'ws://localhost:5183/' failed: Error in connection establishment: net::ERR_CONNECTION_REFUSED
[2026-09-16T10:25:01.849Z] [error] WebSocket connection to 'ws://localhost:5183/' failed: Error in connection establishment: net::ERR_CONNECTION_REFUSED
[2026-09-16T10:25:06.059Z] [error] WebSocket connection to 'ws://localhost:5183/' failed: Error in connection establishment: net::ERR_CONNECTION_REFUSED
[2026-09-16T10:25:10.221Z] [error] WebSocket connection to 'ws://localhost:5183/' failed: Error in connection establishment: net::ERR_CONNECTION_REFUSED
[2026-09-16T10:25:15.998Z] [error] WebSocket connection to 'ws://localhost:5183/' failed: Error in connection establishment: net::ERR_CONNECTION_REFUSED
[2026-09-16T10:25:18.872Z] [error] WebSocket connection to 'ws://localhost:5183/' failed: Error in connection establishment: net::ERR_CONNECTION_REFUSED
[2026-09-16T10:25:22.580Z] [error] WebSocket connection to 'ws://localhost:5183/' failed: Error in connection establishment: net::ERR_CONNECTION_REFUSED
[2026-09-16T10:25:28.238Z] [error] WebSocket connection to 'ws://localhost:5183/' failed: Error in connection establishment: net::ERR_CONNECTION_REFUSED
[2026-09-16T10:25:33.646Z] [error] WebSocket connection to 'ws://localhost:5183/' failed: Error in connection establishment: net::ERR_CONNECTION_REFUSED
[2026-09-16T10:25:38.288Z] [error] WebSocket connection to 'ws://localhost:5183/' failed: Error in connection establishment: net::ERR_CONNECTION_REFUSED
[2026-09-16T10:25:41.333Z] [error] WebSocket connection to 'ws://localhost:5183/' failed: Error in connection establishment: net::ERR_CONNECTION_REFUSED
[2026-09-16T10:25:46.047Z] [error] WebSocket connection to 'ws://localhost:5183/' failed: Error in connection establishment: net::ERR_CONNECTION_REFUSED
[2026-09-16T10:25:50.549Z] [error] WebSocket connection to 'ws://localhost:5183/' failed: Error in connection establishment: net::ERR_CONNECTION_REFUSED
[2026-09-16T10:25:52.698Z] [error] WebSocket connection to 'ws://localhost:5183/' failed: Error in connection establishment: net::ERR_CONNECTION_REFUSED
[2026-09-16T10:25:55.466Z] [error] WebSocket connection to 'ws://localhost:5183/' failed: Error in connection establishment: net::ERR_CONNECTION_REFUSED
[2026-09-16T10:25:58.730Z] [error] WebSocket connection to 'ws://localhost:5183/' failed: Error in connection establishment: net::ERR_CONNECTION_REFUSED
[2026-09-16T10:26:01.421Z] [error] WebSocket connection to 'ws://localhost:5183/' failed: Error in connection establishment: net::ERR_CONNECTION_REFUSED
[2026-09-16T10:26:04.307Z] [error] WebSocket connection to 'ws://localhost:5183/' failed: Error in connection establishment: net::ERR_CONNECTION_REFUSED
[2026-09-16T10:26:06.947Z] [error] WebSocket connection to 'ws://localhost:5183/' failed: Error in connection establishment: net::ERR_CONNECTION_REFUSED
[2026-09-16T10:26:11.213Z] [error] WebSocket connection to 'ws://localhost:5183/' failed: Error in connection establishment: net::ERR_CONNECTION_REFUSED
[2026-09-16T10:26:14.806Z] [error] WebSocket connection to 'ws://localhost:5183/' failed: Error in connection establishment: net::ERR_CONNECTION_REFUSED
[2026-09-16T10:26:19.565Z] [error] WebSocket connection to 'ws://localhost:5183/' failed: Error in connection establishment: net::ERR_CONNECTION_REFUSED
[2026-09-16T10:26:23.713Z] [error] WebSocket connection to 'ws://localhost:5183/' failed: Error in connection establishment: net::ERR_CONNECTION_REFUSED
[2026-09-16T10:26:27.898Z] [error] WebSocket connection to 'ws://localhost:5183/' failed: Error in connection establishment: net::ERR_CONNECTION_REFUSED
[2026-09-16T10:26:31.172Z] [error] WebSocket connection to 'ws://localhost:5183/' failed: Error in connection establishment: net::ERR_CONNECTION_REFUSED
[2026-09-16T10:26:35.023Z] [error] WebSocket connection to 'ws://localhost:5183/' failed: Error in connection establishment: net::ERR_CONNECTION_REFUSED
[2026-09-16T10:26:38.463Z] [error] WebSocket connection to 'ws://localhost:5183/' failed: Error in connection establishment: net::ERR_CONNECTION_REFUSED
[2026-09-16T10:26:43.406Z] [error] WebSocket connection to 'ws://localhost:5183/' failed: Error in connection establishment: net::ERR_CONNECTION_REFUSED
[2026-09-16T10:26:46.109Z] [error] WebSocket connection to 'ws://localhost:5183/' failed: Error in connection establishment: net::ERR_CONNECTION_REFUSED
[2026-09-16T10:26:48.161Z] [debug] [vite] connecting...
[2026-09-16T10:26:48.306Z] [log] %c %c %c %c %c Phaser v3.90.0 (Canvas | Web Audio) %c https://phaser.io/v390 background: #ff0000 background: #ffff00 background: #00ff00 background: #00ffff color: #ffffff; background: #000000 background: transparent
[2026-09-16T10:26:52.486Z] [debug] [vite] connected.
[2026-09-16T10:27:10.822Z] [log] [vite] server connection lost. Polling for restart...
[2026-09-16T10:27:13.692Z] [error] WebSocket connection to 'ws://localhost:5184/' failed: Error in connection establishment: net::ERR_CONNECTION_REFUSED
[2026-09-16T10:27:18.355Z] [error] WebSocket connection to 'ws://localhost:5184/' failed: Error in connection establishment: net::ERR_CONNECTION_REFUSED
[2026-09-16T10:27:23.880Z] [error] WebSocket connection to 'ws://localhost:5184/' failed: Error in connection establishment: net::ERR_CONNECTION_REFUSED
[2026-09-16T10:27:28.797Z] [error] WebSocket connection to 'ws://localhost:5184/' failed: Error in connection establishment: net::ERR_CONNECTION_REFUSED
[2026-09-16T10:27:32.515Z] [error] WebSocket connection to 'ws://localhost:5184/' failed: Error in connection establishment: net::ERR_CONNECTION_REFUSED
[2026-09-16T10:27:37.190Z] [error] WebSocket connection to 'ws://localhost:5184/' failed: Error in connection establishment: net::ERR_CONNECTION_REFUSED
[2026-09-16T10:27:40.326Z] [error] WebSocket connection to 'ws://localhost:5184/' failed: Error in connection establishment: net::ERR_CONNECTION_REFUSED
[2026-09-16T10:27:43.611Z] [error] WebSocket connection to 'ws://localhost:5184/' failed: Error in connection establishment: net::ERR_CONNECTION_REFUSED
[2026-09-16T10:27:46.259Z] [error] WebSocket connection to 'ws://localhost:5184/' failed: Error in connection establishment: net::ERR_CONNECTION_REFUSED
[2026-09-16T10:27:48.589Z] [error] WebSocket connection to 'ws://localhost:5184/' failed: Error in connection establishment: net::ERR_CONNECTION_REFUSED
[2026-09-16T10:27:52.941Z] [error] WebSocket connection to 'ws://localhost:5184/' failed: Error in connection establishment: net::ERR_CONNECTION_REFUSED
[2026-09-16T10:27:57.773Z] [error] WebSocket connection to 'ws://localhost:5184/' failed: Error in connection establishment: net::ERR_CONNECTION_REFUSED
[2026-09-16T10:28:03.169Z] [error] WebSocket connection to 'ws://localhost:5184/' failed: Error in connection establishment: net::ERR_CONNECTION_REFUSED
[2026-09-16T10:28:08.949Z] [error] WebSocket connection to 'ws://localhost:5184/' failed: Error in connection establishment: net::ERR_CONNECTION_REFUSED
[2026-09-16T10:28:11.357Z] [error] WebSocket connection to 'ws://localhost:5184/' failed: Error in connection establishment: net::ERR_CONNECTION_REFUSED
[2026-09-16T10:28:15.726Z] [error] WebSocket connection to 'ws://localhost:5184/' failed: Error in connection establishment: net::ERR_CONNECTION_REFUSED
[2026-09-16T10:28:18.582Z] [error] WebSocket connection to 'ws://localhost:5184/' failed: Error in connection establishment: net::ERR_CONNECTION_REFUSED
[2026-09-16T10:28:24.449Z] [error] WebSocket connection to 'ws://localhost:5184/' failed: Error in connection establishment: net::ERR_CONNECTION_REFUSED
[2026-09-16T10:28:27.167Z] [error] WebSocket connection to 'ws://localhost:5184/' failed: Error in connection establishment: net::ERR_CONNECTION_REFUSED
[2026-09-16T10:28:31.401Z] [error] WebSocket connection to 'ws://localhost:5184/' failed: Error in connection establishment: net::ERR_CONNECTION_REFUSED
[2026-09-16T10:28:35.340Z] [error] WebSocket connection to 'ws://localhost:5184/' failed: Error in connection establishment: net::ERR_CONNECTION_REFUSED
[2026-09-16T10:28:40.324Z] [error] WebSocket connection to 'ws://localhost:5184/' failed: Error in connection establishment: net::ERR_CONNECTION_REFUSED
[2026-09-16T10:28:41.832Z] [error] WebSocket connection to 'ws://localhost:5184/' failed: Error in connection establishment: net::ERR_CONNECTION_REFUSED
[2026-09-16T10:28:43.599Z] [error] WebSocket connection to 'ws://localhost:5184/' failed: Error in connection establishment: net::ERR_CONNECTION_REFUSED
[2026-09-16T10:28:45.615Z] [error] WebSocket connection to 'ws://localhost:5184/' failed: Error in connection establishment: net::ERR_CONNECTION_REFUSED
[2026-09-16T10:28:48.398Z] [error] WebSocket connection to 'ws://localhost:5184/' failed: Error in connection establishment: net::ERR_CONNECTION_REFUSED
[2026-09-16T10:28:50.444Z] [error] WebSocket connection to 'ws://localhost:5184/' failed: Error in connection establishment: net::ERR_CONNECTION_REFUSED
[2026-09-16T10:28:55.167Z] [error] WebSocket connection to 'ws://localhost:5184/' failed: Error in connection establishment: net::ERR_CONNECTION_REFUSED
[2026-09-16T10:29:00.357Z] [error] WebSocket connection to 'ws://localhost:5184/' failed: Error in connection establishment: net::ERR_CONNECTION_REFUSED
[2026-09-16T10:29:05.690Z] [error] WebSocket connection to 'ws://localhost:5184/' failed: Error in connection establishment: net::ERR_CONNECTION_REFUSED
[2026-09-16T10:29:09.626Z] [error] WebSocket connection to 'ws://localhost:5184/' failed: Error in connection establishment: net::ERR_CONNECTION_REFUSED
[2026-09-16T10:29:12.458Z] [error] WebSocket connection to 'ws://localhost:5184/' failed: Error in connection establishment: net::ERR_CONNECTION_REFUSED
[2026-09-16T10:29:17.865Z] [error] WebSocket connection to 'ws://localhost:5184/' failed: Error in connection establishment: net::ERR_CONNECTION_REFUSED
[2026-09-16T10:29:22.434Z] [error] WebSocket connection to 'ws://localhost:5184/' failed: Error in connection establishment: net::ERR_CONNECTION_REFUSED
[2026-09-16T10:29:27.116Z] [error] WebSocket connection to 'ws://localhost:5184/' failed: Error in connection establishment: net::ERR_CONNECTION_REFUSED
[2026-09-16T10:29:32.935Z] [error] WebSocket connection to 'ws://localhost:5184/' failed: Error in connection establishment: net::ERR_CONNECTION_REFUSED
[2026-09-16T10:29:38.249Z] [error] WebSocket connection to 'ws://localhost:5184/' failed: Error in connection establishment: net::ERR_CONNECTION_REFUSED
[2026-09-16T10:29:43.531Z] [error] WebSocket connection to 'ws://localhost:5184/' failed: Error in connection establishment: net::ERR_CONNECTION_REFUSED
[2026-09-16T10:29:48.435Z] [error] WebSocket connection to 'ws://localhost:5184/' failed: Error in connection establishment: net::ERR_CONNECTION_REFUSED
[2026-09-16T10:29:52.952Z] [error] WebSocket connection to 'ws://localhost:5184/' failed: Error in connection establishment: net::ERR_CONNECTION_REFUSED
[2026-09-16T10:29:56.058Z] [error] WebSocket connection to 'ws://localhost:5184/' failed: Error in connection establishment: net::ERR_CONNECTION_REFUSED
[2026-09-16T10:30:01.894Z] [error] WebSocket connection to 'ws://localhost:5184/' failed: Error in connection establishment: net::ERR_CONNECTION_REFUSED
[2026-09-16T10:30:06.600Z] [error] WebSocket connection to 'ws://localhost:5184/' failed: Error in connection establishment: net::ERR_CONNECTION_REFUSED
[2026-09-16T10:30:08.833Z] [error] WebSocket connection to 'ws://localhost:5184/' failed: Error in connection establishment: net::ERR_CONNECTION_REFUSED
[2026-09-16T10:30:11.601Z] [error] WebSocket connection to 'ws://localhost:5184/' failed: Error in connection establishment: net::ERR_CONNECTION_REFUSED
[2026-09-16T10:30:15.311Z] [error] WebSocket connection to 'ws://localhost:5184/' failed: Error in connection establishment: net::ERR_CONNECTION_REFUSED
[2026-09-16T10:30:18.145Z] [error] WebSocket connection to 'ws://localhost:5184/' failed: Error in connection establishment: net::ERR_CONNECTION_REFUSED
[2026-09-16T10:30:21.635Z] [error] WebSocket connection to 'ws://localhost:5184/' failed: Error in connection establishment: net::ERR_CONNECTION_REFUSED
[2026-09-16T10:30:23.743Z] [error] WebSocket connection to 'ws://localhost:5184/' failed: Error in connection establishment: net::ERR_CONNECTION_REFUSED
[2026-09-16T10:30:28.360Z] [error] WebSocket connection to 'ws://localhost:5184/' failed: Error in connection establishment: net::ERR_CONNECTION_REFUSED
[2026-09-16T10:30:33.205Z] [error] WebSocket connection to 'ws://localhost:5184/' failed: Error in connection establishment: net::ERR_CONNECTION_REFUSED
[2026-09-16T10:30:36.645Z] [error] WebSocket connection to 'ws://localhost:5184/' failed: Error in connection establishment: net::ERR_CONNECTION_REFUSED
[2026-09-16T10:30:40.033Z] [error] WebSocket connection to 'ws://localhost:5184/' failed: Error in connection establishment: net::ERR_CONNECTION_REFUSED
[2026-09-16T10:30:41.035Z] [error] WebSocket connection to 'ws://localhost:5184/' failed: Error in connection establishment: net::ERR_CONNECTION_REFUSED
[2026-09-16T10:30:42.040Z] [error] WebSocket connection to 'ws://localhost:5184/' failed: Error in connection establishment: net::ERR_CONNECTION_REFUSED
[2026-09-16T10:30:43.039Z] [error] WebSocket connection to 'ws://localhost:5184/' failed: Error in connection establishment: net::ERR_CONNECTION_REFUSED
[2026-09-16T10:30:44.042Z] [error] WebSocket connection to 'ws://localhost:5184/' failed: Error in connection establishment: net::ERR_CONNECTION_REFUSED
[2026-09-16T10:30:45.045Z] [error] WebSocket connection to 'ws://localhost:5184/' failed: Error in connection establishment: net::ERR_CONNECTION_REFUSED
[2026-09-16T10:30:46.050Z] [error] WebSocket connection to 'ws://localhost:5184/' failed: Error in connection establishment: net::ERR_CONNECTION_REFUSED
[2026-09-16T10:30:47.058Z] [error] WebSocket connection to 'ws://localhost:5184/' failed: Error in connection establishment: net::ERR_CONNECTION_REFUSED
[2026-09-16T10:30:48.064Z] [error] WebSocket connection to 'ws://localhost:5184/' failed: Error in connection establishment: net::ERR_CONNECTION_REFUSED
[2026-09-16T10:30:49.079Z] [error] WebSocket connection to 'ws://localhost:5184/' failed: Error in connection establishment: net::ERR_CONNECTION_REFUSED
[2026-09-16T10:30:50.145Z] [error] WebSocket connection to 'ws://localhost:5184/' failed: Error in connection establishment: net::ERR_CONNECTION_REFUSED
[2026-09-16T10:30:51.258Z] [error] WebSocket connection to 'ws://localhost:5184/' failed: Error in connection establishment: net::ERR_CONNECTION_REFUSED
[2026-09-16T10:30:52.526Z] [error] WebSocket connection to 'ws://localhost:5184/' failed: Error in connection establishment: net::ERR_CONNECTION_REFUSED
[2026-09-16T10:30:53.835Z] [error] WebSocket connection to 'ws://localhost:5184/' failed: Error in connection establishment: net::ERR_CONNECTION_REFUSED
[2026-09-16T10:30:55.178Z] [error] WebSocket connection to 'ws://localhost:5184/' failed: Error in connection establishment: net::ERR_CONNECTION_REFUSED
[2026-09-16T10:30:58.368Z] [error] WebSocket connection to 'ws://localhost:5184/' failed: Error in connection establishment: net::ERR_CONNECTION_REFUSED
[2026-09-16T10:31:01.779Z] [error] WebSocket connection to 'ws://localhost:5184/' failed: Error in connection establishment: net::ERR_CONNECTION_REFUSED
[2026-09-16T10:31:04.521Z] [error] WebSocket connection to 'ws://localhost:5184/' failed: Error in connection establishment: net::ERR_CONNECTION_REFUSED
[2026-09-16T10:31:08.361Z] [error] WebSocket connection to 'ws://localhost:5184/' failed: Error in connection establishment: net::ERR_CONNECTION_REFUSED
[2026-09-16T10:31:13.435Z] [error] WebSocket connection to 'ws://localhost:5184/' failed: Error in connection establishment: net::ERR_CONNECTION_REFUSED
[2026-09-16T10:31:17.851Z] [error] WebSocket connection to 'ws://localhost:5184/' failed: Error in connection establishment: net::ERR_CONNECTION_REFUSED
[2026-09-16T10:31:22.793Z] [error] WebSocket connection to 'ws://localhost:5184/' failed: Error in connection establishment: net::ERR_CONNECTION_REFUSED
[2026-09-16T10:31:25.993Z] [error] WebSocket connection to 'ws://localhost:5184/' failed: Error in connection establishment: net::ERR_CONNECTION_REFUSED
[2026-09-16T10:31:29.276Z] [error] WebSocket connection to 'ws://localhost:5184/' failed: Error in connection establishment: net::ERR_CONNECTION_REFUSED
[2026-09-16T10:31:34.818Z] [error] WebSocket connection to 'ws://localhost:5184/' failed: Error in connection establishment: net::ERR_CONNECTION_REFUSED
[2026-09-16T10:31:40.805Z] [error] WebSocket connection to 'ws://localhost:5184/' failed: Error in connection establishment: net::ERR_CONNECTION_REFUSED
[2026-09-16T10:31:45.423Z] [error] WebSocket connection to 'ws://localhost:5184/' failed: Error in connection establishment: net::ERR_CONNECTION_REFUSED
[2026-09-16T10:31:49.982Z] [error] WebSocket connection to 'ws://localhost:5184/' failed: Error in connection establishment: net::ERR_CONNECTION_REFUSED
[2026-09-16T10:31:55.263Z] [error] WebSocket connection to 'ws://localhost:5184/' failed: Error in connection establishment: net::ERR_CONNECTION_REFUSED
[2026-09-16T10:32:00.620Z] [error] WebSocket connection to 'ws://localhost:5184/' failed: Error in connection establishment: net::ERR_CONNECTION_REFUSED
[2026-09-16T10:32:04.718Z] [error] WebSocket connection to 'ws://localhost:5184/' failed: Error in connection establishment: net::ERR_CONNECTION_REFUSED
[2026-09-16T10:32:06.936Z] [error] WebSocket connection to 'ws://localhost:5184/' failed: Error in connection establishment: net::ERR_CONNECTION_REFUSED
[2026-09-16T10:32:09.147Z] [error] WebSocket connection to 'ws://localhost:5184/' failed: Error in connection establishment: net::ERR_CONNECTION_REFUSED
[2026-09-16T10:32:11.585Z] [error] WebSocket connection to 'ws://localhost:5184/' failed: Error in connection establishment: net::ERR_CONNECTION_REFUSED
[2026-09-16T10:32:17.135Z] [error] WebSocket connection to 'ws://localhost:5184/' failed: Error in connection establishment: net::ERR_CONNECTION_REFUSED
[2026-09-16T10:32:20.755Z] [error] WebSocket connection to 'ws://localhost:5184/' failed: Error in connection establishment: net::ERR_CONNECTION_REFUSED
[2026-09-16T10:32:23.852Z] [error] WebSocket connection to 'ws://localhost:5184/' failed: Error in connection establishment: net::ERR_CONNECTION_REFUSED
[2026-09-16T10:32:27.569Z] [error] WebSocket connection to 'ws://localhost:5184/' failed: Error in connection establishment: net::ERR_CONNECTION_REFUSED
[2026-09-16T10:32:31.190Z] [error] WebSocket connection to 'ws://localhost:5184/' failed: Error in connection establishment: net::ERR_CONNECTION_REFUSED
[2026-09-16T10:32:33.278Z] [error] WebSocket connection to 'ws://localhost:5184/' failed: Error in connection establishment: net::ERR_CONNECTION_REFUSED
[2026-09-16T10:32:35.682Z] [error] WebSocket connection to 'ws://localhost:5184/' failed: Error in connection establishment: net::ERR_CONNECTION_REFUSED
[2026-09-16T10:32:41.244Z] [error] WebSocket connection to 'ws://localhost:5184/' failed: Error in connection establishment: net::ERR_CONNECTION_REFUSED
[2026-09-16T10:32:46.295Z] [error] WebSocket connection to 'ws://localhost:5184/' failed: Error in connection establishment: net::ERR_CONNECTION_REFUSED
[2026-09-16T10:32:51.528Z] [error] WebSocket connection to 'ws://localhost:5184/' failed: Error in connection establishment: net::ERR_CONNECTION_REFUSED
[2026-09-16T10:32:56.153Z] [error] WebSocket connection to 'ws://localhost:5184/' failed: Error in connection establishment: net::ERR_CONNECTION_REFUSED
[2026-09-16T10:33:00.161Z] [error] WebSocket connection to 'ws://localhost:5184/' failed: Error in connection establishment: net::ERR_CONNECTION_REFUSED
[2026-09-16T10:33:03.160Z] [error] WebSocket connection to 'ws://localhost:5184/' failed: Error in connection establishment: net::ERR_CONNECTION_REFUSED
[2026-09-16T10:33:08.296Z] [error] WebSocket connection to 'ws://localhost:5184/' failed: Error in connection establishment: net::ERR_CONNECTION_REFUSED
[2026-09-16T10:33:11.329Z] [error] WebSocket connection to 'ws://localhost:5184/' failed: Error in connection establishment: net::ERR_CONNECTION_REFUSED
[2026-09-16T10:33:14.166Z] [error] WebSocket connection to 'ws://localhost:5184/' failed: Error in connection establishment: net::ERR_CONNECTION_REFUSED
[2026-09-16T10:33:19.694Z] [error] WebSocket connection to 'ws://localhost:5184/' failed: Error in connection establishment: net::ERR_CONNECTION_REFUSED
[2026-09-16T10:33:23.429Z] [error] WebSocket connection to 'ws://localhost:5184/' failed: Error in connection establishment: net::ERR_CONNECTION_REFUSED
[2026-09-16T10:33:28.595Z] [error] WebSocket connection to 'ws://localhost:5184/' failed: Error in connection establishment: net::ERR_CONNECTION_REFUSED
[2026-09-16T10:33:31.279Z] [error] WebSocket connection to 'ws://localhost:5184/' failed: Error in connection establishment: net::ERR_CONNECTION_REFUSED
[2026-09-16T10:33:33.995Z] [error] WebSocket connection to 'ws://localhost:5184/' failed: Error in connection establishment: net::ERR_CONNECTION_REFUSED
[2026-09-16T10:33:37.669Z] [error] WebSocket connection to 'ws://localhost:5184/' failed: Error in connection establishment: net::ERR_CONNECTION_REFUSED
[2026-09-16T10:33:42.103Z] [error] WebSocket connection to 'ws://localhost:5184/' failed: Error in connection establishment: net::ERR_CONNECTION_REFUSED
[2026-09-16T10:33:47.542Z] [error] WebSocket connection to 'ws://localhost:5184/' failed: Error in connection establishment: net::ERR_CONNECTION_REFUSED
[2026-09-16T10:33:52.479Z] [error] WebSocket connection to 'ws://localhost:5184/' failed: Error in connection establishment: net::ERR_CONNECTION_REFUSED
[2026-09-16T10:33:58.337Z] [error] WebSocket connection to 'ws://localhost:5184/' failed: Error in connection establishment: net::ERR_CONNECTION_REFUSED
[2026-09-16T10:34:04.308Z] [error] WebSocket connection to 'ws://localhost:5184/' failed: Error in connection establishment: net::ERR_CONNECTION_REFUSED
[2026-09-16T10:34:08.136Z] [error] WebSocket connection to 'ws://localhost:5184/' failed: Error in connection establishment: net::ERR_CONNECTION_REFUSED
[2026-09-16T10:34:11.166Z] [error] WebSocket connection to 'ws://localhost:5184/' failed: Error in connection establishment: net::ERR_CONNECTION_REFUSED
[2026-09-16T10:34:14.320Z] [error] WebSocket connection to 'ws://localhost:5184/' failed: Error in connection establishment: net::ERR_CONNECTION_REFUSED
[2026-09-16T10:34:18.737Z] [error] WebSocket connection to 'ws://localhost:5184/' failed: Error in connection establishment: net::ERR_CONNECTION_REFUSED
[2026-09-16T10:34:24.195Z] [error] WebSocket connection to 'ws://localhost:5184/' failed: Error in connection establishment: net::ERR_CONNECTION_REFUSED
[2026-09-16T10:34:27.028Z] [error] WebSocket connection to 'ws://localhost:5184/' failed: Error in connection establishment: net::ERR_CONNECTION_REFUSED
[2026-09-16T10:34:31.322Z] [error] WebSocket connection to 'ws://localhost:5184/' failed: Error in connection establishment: net::ERR_CONNECTION_REFUSED
[2026-09-16T10:34:34.142Z] [error] WebSocket connection to 'ws://localhost:5184/' failed: Error in connection establishment: net::ERR_CONNECTION_REFUSED
[2026-09-16T10:34:36.845Z] [error] WebSocket connection to 'ws://localhost:5184/' failed: Error in connection establishment: net::ERR_CONNECTION_REFUSED
[2026-09-16T10:34:39.163Z] [error] WebSocket connection to 'ws://localhost:5184/' failed: Error in connection establishment: net::ERR_CONNECTION_REFUSED
[2026-09-16T10:34:44.596Z] [error] WebSocket connection to 'ws://localhost:5184/' failed: Error in connection establishment: net::ERR_CONNECTION_REFUSED
[2026-09-16T10:34:48.070Z] [error] WebSocket connection to 'ws://localhost:5184/' failed: Error in connection establishment: net::ERR_CONNECTION_REFUSED
[2026-09-16T10:34:53.006Z] [error] WebSocket connection to 'ws://localhost:5184/' failed: Error in connection establishment: net::ERR_CONNECTION_REFUSED
[2026-09-16T10:34:57.653Z] [error] WebSocket connection to 'ws://localhost:5184/' failed: Error in connection establishment: net::ERR_CONNECTION_REFUSED
[2026-09-16T10:35:03.073Z] [error] WebSocket connection to 'ws://localhost:5184/' failed: Error in connection establishment: net::ERR_CONNECTION_REFUSED
[2026-09-16T10:35:08.980Z] [error] WebSocket connection to 'ws://localhost:5184/' failed: Error in connection establishment: net::ERR_CONNECTION_REFUSED
[2026-09-16T10:35:12.215Z] [error] WebSocket connection to 'ws://localhost:5184/' failed: Error in connection establishment: net::ERR_CONNECTION_REFUSED
[2026-09-16T10:35:16.532Z] [error] WebSocket connection to 'ws://localhost:5184/' failed: Error in connection establishment: net::ERR_CONNECTION_REFUSED
[2026-09-16T10:35:20.871Z] [error] WebSocket connection to 'ws://localhost:5184/' failed: Error in connection establishment: net::ERR_CONNECTION_REFUSED
[2026-09-16T10:35:23.105Z] [error] WebSocket connection to 'ws://localhost:5184/' failed: Error in connection establishment: net::ERR_CONNECTION_REFUSED
[2026-09-16T10:35:27.497Z] [error] WebSocket connection to 'ws://localhost:5184/' failed: Error in connection establishment: net::ERR_CONNECTION_REFUSED
[2026-09-16T10:35:30.979Z] [error] WebSocket connection to 'ws://localhost:5184/' failed: Error in connection establishment: net::ERR_CONNECTION_REFUSED
[2026-09-16T10:35:34.521Z] [error] WebSocket connection to 'ws://localhost:5184/' failed: Error in connection establishment: net::ERR_CONNECTION_REFUSED
[2026-09-16T10:35:39.257Z] [error] WebSocket connection to 'ws://localhost:5184/' failed: Error in connection establishment: net::ERR_CONNECTION_REFUSED
[2026-09-16T10:35:44.582Z] [error] WebSocket connection to 'ws://localhost:5184/' failed: Error in connection establishment: net::ERR_CONNECTION_REFUSED
[2026-09-16T10:35:46.890Z] [error] WebSocket connection to 'ws://localhost:5184/' failed: Error in connection establishment: net::ERR_CONNECTION_REFUSED
[2026-09-16T10:35:50.271Z] [error] WebSocket connection to 'ws://localhost:5184/' failed: Error in connection establishment: net::ERR_CONNECTION_REFUSED
[2026-09-16T10:35:55.316Z] [error] WebSocket connection to 'ws://localhost:5184/' failed: Error in connection establishment: net::ERR_CONNECTION_REFUSED
[2026-09-16T10:36:00.493Z] [error] WebSocket connection to 'ws://localhost:5184/' failed: Error in connection establishment: net::ERR_CONNECTION_REFUSED
[2026-09-16T10:36:05.255Z] [error] WebSocket connection to 'ws://localhost:5184/' failed: Error in connection establishment: net::ERR_CONNECTION_REFUSED
[2026-09-16T10:36:08.855Z] [error] WebSocket connection to 'ws://localhost:5184/' failed: Error in connection establishment: net::ERR_CONNECTION_REFUSED
[2026-09-16T10:36:14.598Z] [error] WebSocket connection to 'ws://localhost:5184/' failed: Error in connection establishment: net::ERR_CONNECTION_REFUSED
[2026-09-16T10:36:19.823Z] [error] WebSocket connection to 'ws://localhost:5184/' failed: Error in connection establishment: net::ERR_CONNECTION_REFUSED
[2026-09-16T10:36:22.583Z] [error] WebSocket connection to 'ws://localhost:5184/' failed: Error in connection establishment: net::ERR_CONNECTION_REFUSED
[2026-09-16T10:36:27.973Z] [error] WebSocket connection to 'ws://localhost:5184/' failed: Error in connection establishment: net::ERR_CONNECTION_REFUSED
[2026-09-16T10:36:31.893Z] [error] WebSocket connection to 'ws://localhost:5184/' failed: Error in connection establishment: net::ERR_CONNECTION_REFUSED
[2026-09-16T10:36:35.814Z] [error] WebSocket connection to 'ws://localhost:5184/' failed: Error in connection establishment: net::ERR_CONNECTION_REFUSED
[2026-09-16T10:36:41.489Z] [error] WebSocket connection to 'ws://localhost:5184/' failed: Error in connection establishment: net::ERR_CONNECTION_REFUSED
[2026-09-16T10:36:44.935Z] [error] WebSocket connection to 'ws://localhost:5184/' failed: Error in connection establishment: net::ERR_CONNECTION_REFUSED
[2026-09-16T10:36:50.624Z] [error] WebSocket connection to 'ws://localhost:5184/' failed: Error in connection establishment: net::ERR_CONNECTION_REFUSED
[2026-09-16T10:36:52.824Z] [error] WebSocket connection to 'ws://localhost:5184/' failed: Error in connection establishment: net::ERR_CONNECTION_REFUSED
[2026-09-16T10:36:57.406Z] [error] WebSocket connection to 'ws://localhost:5184/' failed: Error in connection establishment: net::ERR_CONNECTION_REFUSED
[2026-09-16T10:37:03.251Z] [error] WebSocket connection to 'ws://localhost:5184/' failed: Error in connection establishment: net::ERR_CONNECTION_REFUSED
[2026-09-16T10:37:05.347Z] [error] WebSocket connection to 'ws://localhost:5184/' failed: Error in connection establishment: net::ERR_CONNECTION_REFUSED
[2026-09-16T10:37:10.097Z] [error] WebSocket connection to 'ws://localhost:5184/' failed: Error in connection establishment: net::ERR_CONNECTION_REFUSED
[2026-09-16T10:37:12.958Z] [error] WebSocket connection to 'ws://localhost:5184/' failed: Error in connection establishment: net::ERR_CONNECTION_REFUSED
[2026-09-16T10:37:18.768Z] [error] WebSocket connection to 'ws://localhost:5184/' failed: Error in connection establishment: net::ERR_CONNECTION_REFUSED
[2026-09-16T10:37:22.910Z] [error] WebSocket connection to 'ws://localhost:5184/' failed: Error in connection establishment: net::ERR_CONNECTION_REFUSED
[2026-09-16T10:37:27.806Z] [error] WebSocket connection to 'ws://localhost:5184/' failed: Error in connection establishment: net::ERR_CONNECTION_REFUSED
[2026-09-16T10:37:31.077Z] [error] WebSocket connection to 'ws://localhost:5184/' failed: Error in connection establishment: net::ERR_CONNECTION_REFUSED
[2026-09-16T10:37:36.443Z] [error] WebSocket connection to 'ws://localhost:5184/' failed: Error in connection establishment: net::ERR_CONNECTION_REFUSED
[2026-09-16T10:37:40.405Z] [error] WebSocket connection to 'ws://localhost:5184/' failed: Error in connection establishment: net::ERR_CONNECTION_REFUSED
[2026-09-16T10:37:42.490Z] [error] WebSocket connection to 'ws://localhost:5184/' failed: Error in connection establishment: net::ERR_CONNECTION_REFUSED
[2026-09-16T10:37:47.216Z] [error] WebSocket connection to 'ws://localhost:5184/' failed: Error in connection establishment: net::ERR_CONNECTION_REFUSED
[2026-09-16T10:37:52.010Z] [error] WebSocket connection to 'ws://localhost:5184/' failed: Error in connection establishment: net::ERR_CONNECTION_REFUSED
[2026-09-16T10:37:56.919Z] [error] WebSocket connection to 'ws://localhost:5184/' failed: Error in connection establishment: net::ERR_CONNECTION_REFUSED
[2026-09-16T10:38:00.320Z] [error] WebSocket connection to 'ws://localhost:5184/' failed: Error in connection establishment: net::ERR_CONNECTION_REFUSED
[2026-09-16T10:38:04.693Z] [error] WebSocket connection to 'ws://localhost:5184/' failed: Error in connection establishment: net::ERR_CONNECTION_REFUSED
[2026-09-16T10:38:09.257Z] [error] WebSocket connection to 'ws://localhost:5184/' failed: Error in connection establishment: net::ERR_CONNECTION_REFUSED
[2026-09-16T10:38:13.750Z] [error] WebSocket connection to 'ws://localhost:5184/' failed: Error in connection establishment: net::ERR_CONNECTION_REFUSED
[2026-09-16T10:38:16.198Z] [error] WebSocket connection to 'ws://localhost:5184/' failed: Error in connection establishment: net::ERR_CONNECTION_REFUSED
[2026-09-16T10:38:19.433Z] [error] WebSocket connection to 'ws://localhost:5184/' failed: Error in connection establishment: net::ERR_CONNECTION_REFUSED
[2026-09-16T10:38:21.734Z] [error] WebSocket connection to 'ws://localhost:5184/' failed: Error in connection establishment: net::ERR_CONNECTION_REFUSED
[2026-09-16T10:38:27.270Z] [error] WebSocket connection to 'ws://localhost:5184/' failed: Error in connection establishment: net::ERR_CONNECTION_REFUSED
[2026-09-16T10:38:29.768Z] [error] WebSocket connection to 'ws://localhost:5184/' failed: Error in connection establishment: net::ERR_CONNECTION_REFUSED
[2026-09-16T10:38:33.668Z] [error] WebSocket connection to 'ws://localhost:5184/' failed: Error in connection establishment: net::ERR_CONNECTION_REFUSED
[2026-09-16T10:38:38.142Z] [error] WebSocket connection to 'ws://localhost:5184/' failed: Error in connection establishment: net::ERR_CONNECTION_REFUSED
[2026-09-16T10:38:42.456Z] [error] WebSocket connection to 'ws://localhost:5184/' failed: Error in connection establishment: net::ERR_CONNECTION_REFUSED
[2026-09-16T10:38:47.233Z] [error] WebSocket connection to 'ws://localhost:5184/' failed: Error in connection establishment: net::ERR_CONNECTION_REFUSED
[2026-09-16T10:38:50.442Z] [error] WebSocket connection to 'ws://localhost:5184/' failed: Error in connection establishment: net::ERR_CONNECTION_REFUSED
[2026-09-16T10:38:54.249Z] [error] WebSocket connection to 'ws://localhost:5184/' failed: Error in connection establishment: net::ERR_CONNECTION_REFUSED
[2026-09-16T10:38:56.891Z] [error] WebSocket connection to 'ws://localhost:5184/' failed: Error in connection establishment: net::ERR_CONNECTION_REFUSED
[2026-09-16T10:39:00.152Z] [error] WebSocket connection to 'ws://localhost:5184/' failed: Error in connection establishment: net::ERR_CONNECTION_REFUSED
[2026-09-16T10:39:02.496Z] [error] WebSocket connection to 'ws://localhost:5184/' failed: Error in connection establishment: net::ERR_CONNECTION_REFUSED
[2026-09-16T10:39:08.437Z] [error] WebSocket connection to 'ws://localhost:5184/' failed: Error in connection establishment: net::ERR_CONNECTION_REFUSED
[2026-09-16T10:39:11.848Z] [error] WebSocket connection to 'ws://localhost:5184/' failed: Error in connection establishment: net::ERR_CONNECTION_REFUSED
[2026-09-16T10:39:16.813Z] [error] WebSocket connection to 'ws://localhost:5184/' failed: Error in connection establishment: net::ERR_CONNECTION_REFUSED
[2026-09-16T10:39:19.022Z] [debug] [vite] connecting...
[2026-09-16T10:39:19.194Z] [log] %c %c %c %c %c Phaser v3.90.0 (Canvas | Web Audio) %c https://phaser.io/v390 background: #ff0000 background: #ffff00 background: #00ff00 background: #00ffff color: #ffffff; background: #000000 background: transparent
[2026-09-16T10:39:21.588Z] [debug] [vite] connected.
[2026-09-16T10:40:59.735Z] [log] %c %c %c %c %c Phaser v3.90.0 (Canvas | Web Audio) %c https://phaser.io/v390 background: #ff0000 background: #ffff00 background: #00ff00 background: #00ffff color: #ffffff; background: #000000 background: transparent
[2026-09-16T10:40:59.735Z] [debug] [vite] hot updated: /src/App.vue
[2026-09-16T10:41:12.633Z] [debug] [vite] connecting...
[2026-09-16T10:41:12.668Z] [debug] [vite] connected.
[2026-09-16T10:41:12.797Z] [log] %c %c %c %c %c Phaser v3.90.0 (Canvas | Web Audio) %c https://phaser.io/v390 background: #ff0000 background: #ffff00 background: #00ff00 background: #00ffff color: #ffffff; background: #000000 background: transparent
[2026-09-16T10:43:18.378Z] [log] %c %c %c %c %c Phaser v3.90.0 (Canvas | Web Audio) %c https://phaser.io/v390 background: #ff0000 background: #ffff00 background: #00ff00 background: #00ffff color: #ffffff; background: #000000 background: transparent
[2026-09-16T10:43:18.378Z] [debug] [vite] hot updated: /src/App.vue
[2026-09-16T10:43:40.167Z] [log] %c %c %c %c %c Phaser v3.90.0 (Canvas | Web Audio) %c https://phaser.io/v390 background: #ff0000 background: #ffff00 background: #00ff00 background: #00ffff color: #ffffff; background: #000000 background: transparent
[2026-09-16T10:43:40.169Z] [debug] [vite] hot updated: /src/App.vue
[2026-09-16T10:43:57.183Z] [debug] [vite] connecting...
[2026-09-16T10:43:57.206Z] [debug] [vite] connected.
[2026-09-16T10:43:57.334Z] [log] %c %c %c %c %c Phaser v3.90.0 (Canvas | Web Audio) %c https://phaser.io/v390 background: #ff0000 background: #ffff00 background: #00ff00 background: #00ffff color: #ffffff; background: #000000 background: transparent
[2026-09-16T10:46:34.645Z] [log] %c %c %c %c %c Phaser v3.90.0 (Canvas | Web Audio) %c https://phaser.io/v390 background: #ff0000 background: #ffff00 background: #00ff00 background: #00ffff color: #ffffff; background: #000000 background: transparent
[2026-09-16T10:46:34.645Z] [debug] [vite] hot updated: /src/App.vue
[2026-09-16T10:46:51.984Z] [debug] [vite] connecting...
[2026-09-16T10:46:52.009Z] [debug] [vite] connected.
[2026-09-16T10:46:52.111Z] [log] %c %c %c %c %c Phaser v3.90.0 (Canvas | Web Audio) %c https://phaser.io/v390 background: #ff0000 background: #ffff00 background: #00ff00 background: #00ffff color: #ffffff; background: #000000 background: transparent
[2026-09-16T10:48:40.167Z] [log] %c %c %c %c %c Phaser v3.90.0 (Canvas | Web Audio) %c https://phaser.io/v390 background: #ff0000 background: #ffff00 background: #00ff00 background: #00ffff color: #ffffff; background: #000000 background: transparent
[2026-09-16T10:48:40.167Z] [debug] [vite] hot updated: /src/App.vue
[2026-09-16T10:48:57.421Z] [debug] [vite] connecting...
[2026-09-16T10:48:57.454Z] [debug] [vite] connected.
[2026-09-16T10:48:57.578Z] [log] %c %c %c %c %c Phaser v3.90.0 (Canvas | Web Audio) %c https://phaser.io/v390 background: #ff0000 background: #ffff00 background: #00ff00 background: #00ffff color: #ffffff; background: #000000 background: transparent
[2026-09-16T10:50:02.619Z] [log] %c %c %c %c %c Phaser v3.90.0 (Canvas | Web Audio) %c https://phaser.io/v390 background: #ff0000 background: #ffff00 background: #00ff00 background: #00ffff color: #ffffff; background: #000000 background: transparent
[2026-09-16T10:50:02.640Z] [debug] [vite] hot updated: /src/App.vue
[2026-09-16T10:50:26.056Z] [debug] [vite] connecting...
[2026-09-16T10:50:26.089Z] [debug] [vite] connected.
[2026-09-16T10:50:26.206Z] [log] %c %c %c %c %c Phaser v3.90.0 (Canvas | Web Audio) %c https://phaser.io/v390 background: #ff0000 background: #ffff00 background: #00ff00 background: #00ffff color: #ffffff; background: #000000 background: transparent
[2026-09-16T10:50:57.183Z] [log] [vite] server connection lost. Polling for restart...
[2026-09-16T10:50:57.194Z] [error] WebSocket connection to 'ws://localhost:5185/' failed: Error in connection establishment: net::ERR_CONNECTION_REFUSED
[2026-09-16T10:50:58.197Z] [error] WebSocket connection to 'ws://localhost:5185/' failed: Error in connection establishment: net::ERR_CONNECTION_REFUSED
[2026-09-16T10:50:59.199Z] [error] WebSocket connection to 'ws://localhost:5185/' failed: Error in connection establishment: net::ERR_CONNECTION_REFUSED
[2026-09-16T10:51:00.235Z] [error] WebSocket connection to 'ws://localhost:5185/' failed: Error in connection establishment: net::ERR_CONNECTION_REFUSED
[2026-09-16T10:51:01.239Z] [error] WebSocket connection to 'ws://localhost:5185/' failed: Error in connection establishment: net::ERR_CONNECTION_REFUSED
[2026-09-16T10:51:02.240Z] [error] WebSocket connection to 'ws://localhost:5185/' failed: Error in connection establishment: net::ERR_CONNECTION_REFUSED
[2026-09-16T10:51:03.247Z] [error] WebSocket connection to 'ws://localhost:5185/' failed: Error in connection establishment: net::ERR_CONNECTION_REFUSED
[2026-09-16T10:51:04.246Z] [error] WebSocket connection to 'ws://localhost:5185/' failed: Error in connection establishment: net::ERR_CONNECTION_REFUSED
[2026-09-16T10:51:05.248Z] [error] WebSocket connection to 'ws://localhost:5185/' failed: Error in connection establishment: net::ERR_CONNECTION_REFUSED
[2026-09-16T10:51:06.250Z] [error] WebSocket connection to 'ws://localhost:5185/' failed: Error in connection establishment: net::ERR_CONNECTION_REFUSED
[2026-09-16T10:51:07.254Z] [error] WebSocket connection to 'ws://localhost:5185/' failed: Error in connection establishment: net::ERR_CONNECTION_REFUSED
[2026-09-16T10:51:08.255Z] [error] WebSocket connection to 'ws://localhost:5185/' failed: Error in connection establishment: net::ERR_CONNECTION_REFUSED
[2026-09-16T10:51:09.258Z] [error] WebSocket connection to 'ws://localhost:5185/' failed: Error in connection establishment: net::ERR_CONNECTION_REFUSED
[2026-09-16T10:51:10.262Z] [error] WebSocket connection to 'ws://localhost:5185/' failed: Error in connection establishment: net::ERR_CONNECTION_REFUSED
[2026-09-16T10:51:11.266Z] [error] WebSocket connection to 'ws://localhost:5185/' failed: Error in connection establishment: net::ERR_CONNECTION_REFUSED
[2026-09-16T10:51:12.271Z] [error] WebSocket connection to 'ws://localhost:5185/' failed: Error in connection establishment: net::ERR_CONNECTION_REFUSED
[2026-09-16T10:51:13.279Z] [error] WebSocket connection to 'ws://localhost:5185/' failed: Error in connection establishment: net::ERR_CONNECTION_REFUSED
[2026-09-16T10:51:14.283Z] [error] WebSocket connection to 'ws://localhost:5185/' failed: Error in connection establishment: net::ERR_CONNECTION_REFUSED
[2026-09-16T10:51:15.291Z] [error] WebSocket connection to 'ws://localhost:5185/' failed: Error in connection establishment: net::ERR_CONNECTION_REFUSED
[2026-09-16T10:51:16.297Z] [error] WebSocket connection to 'ws://localhost:5185/' failed: Error in connection establishment: net::ERR_CONNECTION_REFUSED
[2026-09-16T10:51:17.304Z] [error] WebSocket connection to 'ws://localhost:5185/' failed: Error in connection establishment: net::ERR_CONNECTION_REFUSED
[2026-09-16T10:51:18.329Z] [error] WebSocket connection to 'ws://localhost:5185/' failed: Error in connection establishment: net::ERR_CONNECTION_REFUSED
[2026-09-16T10:51:19.349Z] [error] WebSocket connection to 'ws://localhost:5185/' failed: Error in connection establishment: net::ERR_CONNECTION_REFUSED
[2026-09-16T10:51:20.360Z] [error] WebSocket connection to 'ws://localhost:5185/' failed: Error in connection establishment: net::ERR_CONNECTION_REFUSED
[2026-09-16T10:51:21.405Z] [error] WebSocket connection to 'ws://localhost:5185/' failed: Error in connection establishment: net::ERR_CONNECTION_REFUSED
[2026-09-16T10:51:22.424Z] [error] WebSocket connection to 'ws://localhost:5185/' failed: Error in connection establishment: net::ERR_CONNECTION_REFUSED
[2026-09-16T10:51:23.443Z] [error] WebSocket connection to 'ws://localhost:5185/' failed: Error in connection establishment: net::ERR_CONNECTION_REFUSED
[2026-09-16T10:51:24.471Z] [error] WebSocket connection to 'ws://localhost:5185/' failed: Error in connection establishment: net::ERR_CONNECTION_REFUSED
[2026-09-16T10:51:25.520Z] [error] WebSocket connection to 'ws://localhost:5185/' failed: Error in connection establishment: net::ERR_CONNECTION_REFUSED
[2026-09-16T10:51:26.567Z] [error] WebSocket connection to 'ws://localhost:5185/' failed: Error in connection establishment: net::ERR_CONNECTION_REFUSED
[2026-09-16T10:51:27.642Z] [error] WebSocket connection to 'ws://localhost:5185/' failed: Error in connection establishment: net::ERR_CONNECTION_REFUSED
[2026-09-16T10:51:28.757Z] [error] WebSocket connection to 'ws://localhost:5185/' failed: Error in connection establishment: net::ERR_CONNECTION_REFUSED
[2026-09-16T10:51:29.805Z] [error] WebSocket connection to 'ws://localhost:5185/' failed: Error in connection establishment: net::ERR_CONNECTION_REFUSED
[2026-09-16T10:51:30.922Z] [error] WebSocket connection to 'ws://localhost:5185/' failed: Error in connection establishment: net::ERR_CONNECTION_REFUSED
[2026-09-16T10:51:32.071Z] [error] WebSocket connection to 'ws://localhost:5185/' failed: Error in connection establishment: net::ERR_CONNECTION_REFUSED
[2026-09-16T10:51:33.326Z] [error] WebSocket connection to 'ws://localhost:5185/' failed: Error in connection establishment: net::ERR_CONNECTION_REFUSED
[2026-09-16T10:51:34.563Z] [error] WebSocket connection to 'ws://localhost:5185/' failed: Error in connection establishment: net::ERR_CONNECTION_REFUSED
[2026-09-16T10:51:36.080Z] [error] WebSocket connection to 'ws://localhost:5185/' failed: Error in connection establishment: net::ERR_CONNECTION_REFUSED
[2026-09-16T10:51:37.294Z] [error] WebSocket connection to 'ws://localhost:5185/' failed: Error in connection establishment: net::ERR_CONNECTION_REFUSED
[2026-09-16T10:51:39.389Z] [error] WebSocket connection to 'ws://localhost:5185/' failed: Error in connection establishment: net::ERR_CONNECTION_REFUSED
[2026-09-16T10:51:41.025Z] [error] WebSocket connection to 'ws://localhost:5185/' failed: Error in connection establishment: net::ERR_CONNECTION_REFUSED
[2026-09-16T10:51:43.016Z] [error] WebSocket connection to 'ws://localhost:5185/' failed: Error in connection establishment: net::ERR_CONNECTION_REFUSED
[2026-09-16T10:51:45.046Z] [error] WebSocket connection to 'ws://localhost:5185/' failed: Error in connection establishment: net::ERR_CONNECTION_REFUSED
[2026-09-16T10:51:47.232Z] [error] WebSocket connection to 'ws://localhost:5185/' failed: Error in connection establishment: net::ERR_CONNECTION_REFUSED
[2026-09-16T10:51:50.297Z] [error] WebSocket connection to 'ws://localhost:5185/' failed: Error in connection establishment: net::ERR_CONNECTION_REFUSED
[2026-09-16T10:51:55.593Z] [error] WebSocket connection to 'ws://localhost:5185/' failed: Error in connection establishment: net::ERR_CONNECTION_REFUSED
[2026-09-16T10:51:58.042Z] [error] WebSocket connection to 'ws://localhost:5185/' failed: Error in connection establishment: net::ERR_CONNECTION_REFUSED
[2026-09-16T10:52:00.746Z] [error] WebSocket connection to 'ws://localhost:5185/' failed: Error in connection establishment: net::ERR_CONNECTION_REFUSED
[2026-09-16T10:52:04.072Z] [error] WebSocket connection to 'ws://localhost:5185/' failed: Error in connection establishment: net::ERR_CONNECTION_REFUSED
[2026-09-16T10:52:08.479Z] [error] WebSocket connection to 'ws://localhost:5185/' failed: Error in connection establishment: net::ERR_CONNECTION_REFUSED
[2026-09-16T10:52:13.016Z] [error] WebSocket connection to 'ws://localhost:5185/' failed: Error in connection establishment: net::ERR_CONNECTION_REFUSED
[2026-09-16T10:52:17.735Z] [error] WebSocket connection to 'ws://localhost:5185/' failed: Error in connection establishment: net::ERR_CONNECTION_REFUSED
[2026-09-16T10:52:22.572Z] [error] WebSocket connection to 'ws://localhost:5185/' failed: Error in connection establishment: net::ERR_CONNECTION_REFUSED
[2026-09-16T10:52:28.487Z] [error] WebSocket connection to 'ws://localhost:5185/' failed: Error in connection establishment: net::ERR_CONNECTION_REFUSED
[2026-09-16T10:52:33.356Z] [error] WebSocket connection to 'ws://localhost:5185/' failed: Error in connection establishment: net::ERR_CONNECTION_REFUSED
[2026-09-16T10:52:36.876Z] [error] WebSocket connection to 'ws://localhost:5185/' failed: Error in connection establishment: net::ERR_CONNECTION_REFUSED
[2026-09-16T10:52:41.430Z] [error] WebSocket connection to 'ws://localhost:5185/' failed: Error in connection establishment: net::ERR_CONNECTION_REFUSED
[2026-09-16T10:52:44.377Z] [error] WebSocket connection to 'ws://localhost:5185/' failed: Error in connection establishment: net::ERR_CONNECTION_REFUSED
[2026-09-16T10:52:48.560Z] [error] WebSocket connection to 'ws://localhost:5185/' failed: Error in connection establishment: net::ERR_CONNECTION_REFUSED
[2026-09-16T10:52:53.212Z] [error] WebSocket connection to 'ws://localhost:5185/' failed: Error in connection establishment: net::ERR_CONNECTION_REFUSED
[2026-09-16T10:52:57.987Z] [error] WebSocket connection to 'ws://localhost:5185/' failed: Error in connection establishment: net::ERR_CONNECTION_REFUSED
[2026-09-16T10:53:01.946Z] [error] WebSocket connection to 'ws://localhost:5185/' failed: Error in connection establishment: net::ERR_CONNECTION_REFUSED
[2026-09-16T10:53:07.091Z] [error] WebSocket connection to 'ws://localhost:5185/' failed: Error in connection establishment: net::ERR_CONNECTION_REFUSED
[2026-09-16T10:53:12.931Z] [error] WebSocket connection to 'ws://localhost:5185/' failed: Error in connection establishment: net::ERR_CONNECTION_REFUSED
[2026-09-16T10:53:15.984Z] [error] WebSocket connection to 'ws://localhost:5185/' failed: Error in connection establishment: net::ERR_CONNECTION_REFUSED
[2026-09-16T10:53:18.899Z] [error] WebSocket connection to 'ws://localhost:5185/' failed: Error in connection establishment: net::ERR_CONNECTION_REFUSED
[2026-09-16T10:53:22.075Z] [error] WebSocket connection to 'ws://localhost:5185/' failed: Error in connection establishment: net::ERR_CONNECTION_REFUSED
[2026-09-16T10:53:26.056Z] [error] WebSocket connection to 'ws://localhost:5185/' failed: Error in connection establishment: net::ERR_CONNECTION_REFUSED
[2026-09-16T10:53:29.799Z] [error] WebSocket connection to 'ws://localhost:5185/' failed: Error in connection establishment: net::ERR_CONNECTION_REFUSED
[2026-09-16T10:53:35.424Z] [error] WebSocket connection to 'ws://localhost:5185/' failed: Error in connection establishment: net::ERR_CONNECTION_REFUSED
[2026-09-16T10:53:38.518Z] [error] WebSocket connection to 'ws://localhost:5185/' failed: Error in connection establishment: net::ERR_CONNECTION_REFUSED
[2026-09-16T10:53:44.248Z] [error] WebSocket connection to 'ws://localhost:5185/' failed: Error in connection establishment: net::ERR_CONNECTION_REFUSED
[2026-09-16T10:53:48.441Z] [error] WebSocket connection to 'ws://localhost:5185/' failed: Error in connection establishment: net::ERR_CONNECTION_REFUSED
[2026-09-16T10:53:50.449Z] [error] WebSocket connection to 'ws://localhost:5185/' failed: Error in connection establishment: net::ERR_CONNECTION_REFUSED
[2026-09-16T10:53:52.950Z] [error] WebSocket connection to 'ws://localhost:5185/' failed: Error in connection establishment: net::ERR_CONNECTION_REFUSED
[2026-09-16T10:53:56.433Z] [error] WebSocket connection to 'ws://localhost:5185/' failed: Error in connection establishment: net::ERR_CONNECTION_REFUSED
[2026-09-16T10:53:58.684Z] [error] WebSocket connection to 'ws://localhost:5185/' failed: Error in connection establishment: net::ERR_CONNECTION_REFUSED
[2026-09-16T10:54:03.840Z] [error] WebSocket connection to 'ws://localhost:5185/' failed: Error in connection establishment: net::ERR_CONNECTION_REFUSED
[2026-09-16T10:54:08.187Z] [error] WebSocket connection to 'ws://localhost:5185/' failed: Error in connection establishment: net::ERR_CONNECTION_REFUSED
[2026-09-16T10:54:13.015Z] [error] WebSocket connection to 'ws://localhost:5185/' failed: Error in connection establishment: net::ERR_CONNECTION_REFUSED
[2026-09-16T10:54:17.301Z] [error] WebSocket connection to 'ws://localhost:5185/' failed: Error in connection establishment: net::ERR_CONNECTION_REFUSED
[2026-09-16T10:54:20.766Z] [error] WebSocket connection to 'ws://localhost:5185/' failed: Error in connection establishment: net::ERR_CONNECTION_REFUSED
[2026-09-16T10:54:23.823Z] [error] WebSocket connection to 'ws://localhost:5185/' failed: Error in connection establishment: net::ERR_CONNECTION_REFUSED
[2026-09-16T10:54:28.014Z] [error] WebSocket connection to 'ws://localhost:5185/' failed: Error in connection establishment: net::ERR_CONNECTION_REFUSED
[2026-09-16T10:54:33.729Z] [error] WebSocket connection to 'ws://localhost:5185/' failed: Error in connection establishment: net::ERR_CONNECTION_REFUSED
[2026-09-16T10:54:36.996Z] [error] WebSocket connection to 'ws://localhost:5185/' failed: Error in connection establishment: net::ERR_CONNECTION_REFUSED
[2026-09-16T10:54:39.802Z] [error] WebSocket connection to 'ws://localhost:5185/' failed: Error in connection establishment: net::ERR_CONNECTION_REFUSED
[2026-09-16T10:54:43.787Z] [error] WebSocket connection to 'ws://localhost:5185/' failed: Error in connection establishment: net::ERR_CONNECTION_REFUSED
[2026-09-16T10:54:47.191Z] [error] WebSocket connection to 'ws://localhost:5185/' failed: Error in connection establishment: net::ERR_CONNECTION_REFUSED
[2026-09-16T10:54:51.443Z] [error] WebSocket connection to 'ws://localhost:5185/' failed: Error in connection establishment: net::ERR_CONNECTION_REFUSED
[2026-09-16T10:54:52.448Z] [error] WebSocket connection to 'ws://localhost:5185/' failed: Error in connection establishment: net::ERR_CONNECTION_REFUSED
[2026-09-16T10:54:53.450Z] [error] WebSocket connection to 'ws://localhost:5185/' failed: Error in connection establishment: net::ERR_CONNECTION_REFUSED
[2026-09-16T10:54:54.452Z] [error] WebSocket connection to 'ws://localhost:5185/' failed: Error in connection establishment: net::ERR_CONNECTION_REFUSED
[2026-09-16T10:54:55.455Z] [error] WebSocket connection to 'ws://localhost:5185/' failed: Error in connection establishment: net::ERR_CONNECTION_REFUSED
[2026-09-16T10:54:56.458Z] [error] WebSocket connection to 'ws://localhost:5185/' failed: Error in connection establishment: net::ERR_CONNECTION_REFUSED
[2026-09-16T10:54:57.462Z] [error] WebSocket connection to 'ws://localhost:5185/' failed: Error in connection establishment: net::ERR_CONNECTION_REFUSED
[2026-09-16T10:54:58.472Z] [error] WebSocket connection to 'ws://localhost:5185/' failed: Error in connection establishment: net::ERR_CONNECTION_REFUSED
[2026-09-16T10:54:59.483Z] [error] WebSocket connection to 'ws://localhost:5185/' failed: Error in connection establishment: net::ERR_CONNECTION_REFUSED
[2026-09-16T10:55:00.524Z] [error] WebSocket connection to 'ws://localhost:5185/' failed: Error in connection establishment: net::ERR_CONNECTION_REFUSED
[2026-09-16T10:55:01.606Z] [error] WebSocket connection to 'ws://localhost:5185/' failed: Error in connection establishment: net::ERR_CONNECTION_REFUSED
[2026-09-16T10:55:02.766Z] [error] WebSocket connection to 'ws://localhost:5185/' failed: Error in connection establishment: net::ERR_CONNECTION_REFUSED
[2026-09-16T10:55:03.939Z] [error] WebSocket connection to 'ws://localhost:5185/' failed: Error in connection establishment: net::ERR_CONNECTION_REFUSED
[2026-09-16T10:55:05.096Z] [error] WebSocket connection to 'ws://localhost:5185/' failed: Error in connection establishment: net::ERR_CONNECTION_REFUSED
[2026-09-16T10:55:06.479Z] [error] WebSocket connection to 'ws://localhost:5185/' failed: Error in connection establishment: net::ERR_CONNECTION_REFUSED
[2026-09-16T10:55:08.854Z] [error] WebSocket connection to 'ws://localhost:5185/' failed: Error in connection establishment: net::ERR_CONNECTION_REFUSED
[2026-09-16T10:55:14.179Z] [error] WebSocket connection to 'ws://localhost:5185/' failed: Error in connection establishment: net::ERR_CONNECTION_REFUSED
[2026-09-16T10:55:16.368Z] [error] WebSocket connection to 'ws://localhost:5185/' failed: Error in connection establishment: net::ERR_CONNECTION_REFUSED
[2026-09-16T10:55:22.014Z] [error] WebSocket connection to 'ws://localhost:5185/' failed: Error in connection establishment: net::ERR_CONNECTION_REFUSED
[2026-09-16T10:55:24.125Z] [error] WebSocket connection to 'ws://localhost:5185/' failed: Error in connection establishment: net::ERR_CONNECTION_REFUSED
[2026-09-16T10:55:28.764Z] [error] WebSocket connection to 'ws://localhost:5185/' failed: Error in connection establishment: net::ERR_CONNECTION_REFUSED
[2026-09-16T10:55:34.044Z] [error] WebSocket connection to 'ws://localhost:5185/' failed: Error in connection establishment: net::ERR_CONNECTION_REFUSED
[2026-09-16T10:55:38.748Z] [error] WebSocket connection to 'ws://localhost:5185/' failed: Error in connection establishment: net::ERR_CONNECTION_REFUSED
[2026-09-16T10:55:43.192Z] [error] WebSocket connection to 'ws://localhost:5185/' failed: Error in connection establishment: net::ERR_CONNECTION_REFUSED
[2026-09-16T10:55:47.146Z] [error] WebSocket connection to 'ws://localhost:5185/' failed: Error in connection establishment: net::ERR_CONNECTION_REFUSED
[2026-09-16T10:55:49.906Z] [error] WebSocket connection to 'ws://localhost:5185/' failed: Error in connection establishment: net::ERR_CONNECTION_REFUSED
[2026-09-16T10:55:55.523Z] [error] WebSocket connection to 'ws://localhost:5185/' failed: Error in connection establishment: net::ERR_CONNECTION_REFUSED
[2026-09-16T10:56:01.404Z] [error] WebSocket connection to 'ws://localhost:5185/' failed: Error in connection establishment: net::ERR_CONNECTION_REFUSED
[2026-09-16T10:56:06.879Z] [error] WebSocket connection to 'ws://localhost:5185/' failed: Error in connection establishment: net::ERR_CONNECTION_REFUSED
[2026-09-16T10:56:12.808Z] [error] WebSocket connection to 'ws://localhost:5185/' failed: Error in connection establishment: net::ERR_CONNECTION_REFUSED
[2026-09-16T10:56:18.771Z] [error] WebSocket connection to 'ws://localhost:5185/' failed: Error in connection establishment: net::ERR_CONNECTION_REFUSED
[2026-09-16T10:56:21.871Z] [error] WebSocket connection to 'ws://localhost:5185/' failed: Error in connection establishment: net::ERR_CONNECTION_REFUSED
[2026-09-16T10:56:26.789Z] [error] WebSocket connection to 'ws://localhost:5185/' failed: Error in connection establishment: net::ERR_CONNECTION_REFUSED
[2026-09-16T10:56:30.856Z] [error] WebSocket connection to 'ws://localhost:5185/' failed: Error in connection establishment: net::ERR_CONNECTION_REFUSED
[2026-09-16T10:56:33.887Z] [error] WebSocket connection to 'ws://localhost:5185/' failed: Error in connection establishment: net::ERR_CONNECTION_REFUSED
[2026-09-16T10:56:37.363Z] [error] WebSocket connection to 'ws://localhost:5185/' failed: Error in connection establishment: net::ERR_CONNECTION_REFUSED
[2026-09-16T10:56:41.701Z] [error] WebSocket connection to 'ws://localhost:5185/' failed: Error in connection establishment: net::ERR_CONNECTION_REFUSED
[2026-09-16T10:56:47.592Z] [error] WebSocket connection to 'ws://localhost:5185/' failed: Error in connection establishment: net::ERR_CONNECTION_REFUSED
[2026-09-16T10:56:51.451Z] [error] WebSocket connection to 'ws://localhost:5185/' failed: Error in connection establishment: net::ERR_CONNECTION_REFUSED
[2026-09-16T10:56:52.452Z] [error] WebSocket connection to 'ws://localhost:5185/' failed: Error in connection establishment: net::ERR_CONNECTION_REFUSED
[2026-09-16T10:56:53.455Z] [error] WebSocket connection to 'ws://localhost:5185/' failed: Error in connection establishment: net::ERR_CONNECTION_REFUSED
[2026-09-16T10:56:54.457Z] [error] WebSocket connection to 'ws://localhost:5185/' failed: Error in connection establishment: net::ERR_CONNECTION_REFUSED
[2026-09-16T10:56:55.463Z] [error] WebSocket connection to 'ws://localhost:5185/' failed: Error in connection establishment: net::ERR_CONNECTION_REFUSED
[2026-09-16T10:56:56.466Z] [error] WebSocket connection to 'ws://localhost:5185/' failed: Error in connection establishment: net::ERR_CONNECTION_REFUSED
[2026-09-16T10:56:57.471Z] [error] WebSocket connection to 'ws://localhost:5185/' failed: Error in connection establishment: net::ERR_CONNECTION_REFUSED
[2026-09-16T10:56:58.479Z] [error] WebSocket connection to 'ws://localhost:5185/' failed: Error in connection establishment: net::ERR_CONNECTION_REFUSED
[2026-09-16T10:56:59.488Z] [error] WebSocket connection to 'ws://localhost:5185/' failed: Error in connection establishment: net::ERR_CONNECTION_REFUSED
[2026-09-16T10:57:00.521Z] [error] WebSocket connection to 'ws://localhost:5185/' failed: Error in connection establishment: net::ERR_CONNECTION_REFUSED
[2026-09-16T10:57:01.582Z] [error] WebSocket connection to 'ws://localhost:5185/' failed: Error in connection establishment: net::ERR_CONNECTION_REFUSED
[2026-09-16T10:57:02.663Z] [error] WebSocket connection to 'ws://localhost:5185/' failed: Error in connection establishment: net::ERR_CONNECTION_REFUSED
[2026-09-16T10:57:03.779Z] [error] WebSocket connection to 'ws://localhost:5185/' failed: Error in connection establishment: net::ERR_CONNECTION_REFUSED
[2026-09-16T10:57:05.256Z] [error] WebSocket connection to 'ws://localhost:5185/' failed: Error in connection establishment: net::ERR_CONNECTION_REFUSED
[2026-09-16T10:57:07.050Z] [error] WebSocket connection to 'ws://localhost:5185/' failed: Error in connection establishment: net::ERR_CONNECTION_REFUSED
[2026-09-16T10:57:09.839Z] [error] WebSocket connection to 'ws://localhost:5185/' failed: Error in connection establishment: net::ERR_CONNECTION_REFUSED
[2026-09-16T10:57:13.499Z] [error] WebSocket connection to 'ws://localhost:5185/' failed: Error in connection establishment: net::ERR_CONNECTION_REFUSED
[2026-09-16T10:57:15.806Z] [error] WebSocket connection to 'ws://localhost:5185/' failed: Error in connection establishment: net::ERR_CONNECTION_REFUSED
[2026-09-16T10:57:19.172Z] [error] WebSocket connection to 'ws://localhost:5185/' failed: Error in connection establishment: net::ERR_CONNECTION_REFUSED
[2026-09-16T10:57:21.992Z] [error] WebSocket connection to 'ws://localhost:5185/' failed: Error in connection establishment: net::ERR_CONNECTION_REFUSED
[2026-09-16T10:57:24.043Z] [error] WebSocket connection to 'ws://localhost:5185/' failed: Error in connection establishment: net::ERR_CONNECTION_REFUSED
[2026-09-16T10:57:28.096Z] [error] WebSocket connection to 'ws://localhost:5185/' failed: Error in connection establishment: net::ERR_CONNECTION_REFUSED
[2026-09-16T10:57:32.865Z] [error] WebSocket connection to 'ws://localhost:5185/' failed: Error in connection establishment: net::ERR_CONNECTION_REFUSED
[2026-09-16T10:57:35.061Z] [error] WebSocket connection to 'ws://localhost:5185/' failed: Error in connection establishment: net::ERR_CONNECTION_REFUSED
[2026-09-16T10:57:39.704Z] [error] WebSocket connection to 'ws://localhost:5185/' failed: Error in connection establishment: net::ERR_CONNECTION_REFUSED
[2026-09-16T10:57:43.201Z] [error] WebSocket connection to 'ws://localhost:5185/' failed: Error in connection establishment: net::ERR_CONNECTION_REFUSED
[2026-09-16T10:57:46.237Z] [error] WebSocket connection to 'ws://localhost:5185/' failed: Error in connection establishment: net::ERR_CONNECTION_REFUSED
[2026-09-16T10:57:52.032Z] [error] WebSocket connection to 'ws://localhost:5185/' failed: Error in connection establishment: net::ERR_CONNECTION_REFUSED
[2026-09-16T10:57:55.269Z] [error] WebSocket connection to 'ws://localhost:5185/' failed: Error in connection establishment: net::ERR_CONNECTION_REFUSED
[2026-09-16T10:58:00.906Z] [error] WebSocket connection to 'ws://localhost:5185/' failed: Error in connection establishment: net::ERR_CONNECTION_REFUSED
[2026-09-16T10:58:05.720Z] [error] WebSocket connection to 'ws://localhost:5185/' failed: Error in connection establishment: net::ERR_CONNECTION_REFUSED
[2026-09-16T10:58:10.753Z] [error] WebSocket connection to 'ws://localhost:5185/' failed: Error in connection establishment: net::ERR_CONNECTION_REFUSED
[2026-09-16T10:58:13.918Z] [error] WebSocket connection to 'ws://localhost:5185/' failed: Error in connection establishment: net::ERR_CONNECTION_REFUSED
[2026-09-16T10:58:16.090Z] [error] WebSocket connection to 'ws://localhost:5185/' failed: Error in connection establishment: net::ERR_CONNECTION_REFUSED
[2026-09-16T10:58:18.476Z] [error] WebSocket connection to 'ws://localhost:5185/' failed: Error in connection establishment: net::ERR_CONNECTION_REFUSED
[2026-09-16T10:58:21.558Z] [error] WebSocket connection to 'ws://localhost:5185/' failed: Error in connection establishment: net::ERR_CONNECTION_REFUSED
[2026-09-16T10:58:25.798Z] [error] WebSocket connection to 'ws://localhost:5185/' failed: Error in connection establishment: net::ERR_CONNECTION_REFUSED
[2026-09-16T10:58:30.516Z] [error] WebSocket connection to 'ws://localhost:5185/' failed: Error in connection establishment: net::ERR_CONNECTION_REFUSED
[2026-09-16T10:58:34.771Z] [error] WebSocket connection to 'ws://localhost:5185/' failed: Error in connection establishment: net::ERR_CONNECTION_REFUSED
[2026-09-16T10:58:40.147Z] [error] WebSocket connection to 'ws://localhost:5185/' failed: Error in connection establishment: net::ERR_CONNECTION_REFUSED
[2026-09-16T10:58:44.449Z] [error] WebSocket connection to 'ws://localhost:5185/' failed: Error in connection establishment: net::ERR_CONNECTION_REFUSED
[2026-09-16T10:58:47.477Z] [error] WebSocket connection to 'ws://localhost:5185/' failed: Error in connection establishment: net::ERR_CONNECTION_REFUSED
[2026-09-16T10:58:50.032Z] [error] WebSocket connection to 'ws://localhost:5185/' failed: Error in connection establishment: net::ERR_CONNECTION_REFUSED
[2026-09-16T10:58:55.925Z] [error] WebSocket connection to 'ws://localhost:5185/' failed: Error in connection establishment: net::ERR_CONNECTION_REFUSED
[2026-09-16T10:59:00.872Z] [error] WebSocket connection to 'ws://localhost:5185/' failed: Error in connection establishment: net::ERR_CONNECTION_REFUSED
[2026-09-16T10:59:04.908Z] [error] WebSocket connection to 'ws://localhost:5185/' failed: Error in connection establishment: net::ERR_CONNECTION_REFUSED
[2026-09-16T10:59:07.297Z] [error] WebSocket connection to 'ws://localhost:5185/' failed: Error in connection establishment: net::ERR_CONNECTION_REFUSED
[2026-09-16T10:59:10.284Z] [error] WebSocket connection to 'ws://localhost:5185/' failed: Error in connection establishment: net::ERR_CONNECTION_REFUSED
[2026-09-16T10:59:13.675Z] [error] WebSocket connection to 'ws://localhost:5185/' failed: Error in connection establishment: net::ERR_CONNECTION_REFUSED
[2026-09-16T10:59:17.151Z] [error] WebSocket connection to 'ws://localhost:5185/' failed: Error in connection establishment: net::ERR_CONNECTION_REFUSED
[2026-09-16T10:59:20.133Z] [error] WebSocket connection to 'ws://localhost:5185/' failed: Error in connection establishment: net::ERR_CONNECTION_REFUSED
[2026-09-16T10:59:24.067Z] [error] WebSocket connection to 'ws://localhost:5185/' failed: Error in connection establishment: net::ERR_CONNECTION_REFUSED
[2026-09-16T10:59:27.782Z] [error] WebSocket connection to 'ws://localhost:5185/' failed: Error in connection establishment: net::ERR_CONNECTION_REFUSED
[2026-09-16T10:59:30.131Z] [error] WebSocket connection to 'ws://localhost:5185/' failed: Error in connection establishment: net::ERR_CONNECTION_REFUSED
[2026-09-16T10:59:34.892Z] [error] WebSocket connection to 'ws://localhost:5185/' failed: Error in connection establishment: net::ERR_CONNECTION_REFUSED
[2026-09-16T10:59:36.967Z] [error] WebSocket connection to 'ws://localhost:5185/' failed: Error in connection establishment: net::ERR_CONNECTION_REFUSED
[2026-09-16T10:59:41.000Z] [error] WebSocket connection to 'ws://localhost:5185/' failed: Error in connection establishment: net::ERR_CONNECTION_REFUSED
[2026-09-16T10:59:43.251Z] [error] WebSocket connection to 'ws://localhost:5185/' failed: Error in connection establishment: net::ERR_CONNECTION_REFUSED
[2026-09-16T10:59:48.072Z] [error] WebSocket connection to 'ws://localhost:5185/' failed: Error in connection establishment: net::ERR_CONNECTION_REFUSED
[2026-09-16T10:59:52.534Z] [error] WebSocket connection to 'ws://localhost:5185/' failed: Error in connection establishment: net::ERR_CONNECTION_REFUSED
[2026-09-16T10:59:54.931Z] [error] WebSocket connection to 'ws://localhost:5185/' failed: Error in connection establishment: net::ERR_CONNECTION_REFUSED
[2026-09-16T10:59:58.129Z] [error] WebSocket connection to 'ws://localhost:5185/' failed: Error in connection establishment: net::ERR_CONNECTION_REFUSED
[2026-09-16T11:00:00.861Z] [error] WebSocket connection to 'ws://localhost:5185/' failed: Error in connection establishment: net::ERR_CONNECTION_REFUSED
[2026-09-16T11:00:04.298Z] [error] WebSocket connection to 'ws://localhost:5185/' failed: Error in connection establishment: net::ERR_CONNECTION_REFUSED
[2026-09-16T11:00:06.407Z] [error] WebSocket connection to 'ws://localhost:5185/' failed: Error in connection establishment: net::ERR_CONNECTION_REFUSED
[2026-09-16T11:00:12.043Z] [error] WebSocket connection to 'ws://localhost:5185/' failed: Error in connection establishment: net::ERR_CONNECTION_REFUSED
[2026-09-16T11:00:15.114Z] [error] WebSocket connection to 'ws://localhost:5185/' failed: Error in connection establishment: net::ERR_CONNECTION_REFUSED
[2026-09-16T11:00:18.561Z] [error] WebSocket connection to 'ws://localhost:5185/' failed: Error in connection establishment: net::ERR_CONNECTION_REFUSED
[2026-09-16T11:00:21.800Z] [error] WebSocket connection to 'ws://localhost:5185/' failed: Error in connection establishment: net::ERR_CONNECTION_REFUSED
[2026-09-16T11:00:25.619Z] [error] WebSocket connection to 'ws://localhost:5185/' failed: Error in connection establishment: net::ERR_CONNECTION_REFUSED
[2026-09-16T11:00:28.117Z] [error] WebSocket connection to 'ws://localhost:5185/' failed: Error in connection establishment: net::ERR_CONNECTION_REFUSED
[2026-09-16T11:00:30.841Z] [error] WebSocket connection to 'ws://localhost:5185/' failed: Error in connection establishment: net::ERR_CONNECTION_REFUSED
[2026-09-16T11:00:35.950Z] [error] WebSocket connection to 'ws://localhost:5185/' failed: Error in connection establishment: net::ERR_CONNECTION_REFUSED
[2026-09-16T11:00:39.378Z] [error] WebSocket connection to 'ws://localhost:5185/' failed: Error in connection establishment: net::ERR_CONNECTION_REFUSED
[2026-09-16T11:00:44.337Z] [error] WebSocket connection to 'ws://localhost:5185/' failed: Error in connection establishment: net::ERR_CONNECTION_REFUSED
[2026-09-16T11:00:48.860Z] [error] WebSocket connection to 'ws://localhost:5185/' failed: Error in connection establishment: net::ERR_CONNECTION_REFUSED
[2026-09-16T11:00:51.427Z] [error] WebSocket connection to 'ws://localhost:5185/' failed: Error in connection establishment: net::ERR_CONNECTION_REFUSED
[2026-09-16T11:00:56.682Z] [error] WebSocket connection to 'ws://localhost:5185/' failed: Error in connection establishment: net::ERR_CONNECTION_REFUSED
[2026-09-16T11:01:00.233Z] [error] WebSocket connection to 'ws://localhost:5185/' failed: Error in connection establishment: net::ERR_CONNECTION_REFUSED
[2026-09-16T11:01:05.315Z] [error] WebSocket connection to 'ws://localhost:5185/' failed: Error in connection establishment: net::ERR_CONNECTION_REFUSED
[2026-09-16T11:01:08.946Z] [error] WebSocket connection to 'ws://localhost:5185/' failed: Error in connection establishment: net::ERR_CONNECTION_REFUSED
[2026-09-16T11:01:13.971Z] [error] WebSocket connection to 'ws://localhost:5185/' failed: Error in connection establishment: net::ERR_CONNECTION_REFUSED
[2026-09-16T11:01:19.056Z] [error] WebSocket connection to 'ws://localhost:5185/' failed: Error in connection establishment: net::ERR_CONNECTION_REFUSED
[2026-09-16T11:01:24.428Z] [error] WebSocket connection to 'ws://localhost:5185/' failed: Error in connection establishment: net::ERR_CONNECTION_REFUSED
[2026-09-16T11:01:30.103Z] [error] WebSocket connection to 'ws://localhost:5185/' failed: Error in connection establishment: net::ERR_CONNECTION_REFUSED
[2026-09-16T11:01:35.704Z] [error] WebSocket connection to 'ws://localhost:5185/' failed: Error in connection establishment: net::ERR_CONNECTION_REFUSED
[2026-09-16T11:01:40.135Z] [error] WebSocket connection to 'ws://localhost:5185/' failed: Error in connection establishment: net::ERR_CONNECTION_REFUSED
[2026-09-16T11:01:45.903Z] [error] WebSocket connection to 'ws://localhost:5185/' failed: Error in connection establishment: net::ERR_CONNECTION_REFUSED
[2026-09-16T11:01:48.702Z] [error] WebSocket connection to 'ws://localhost:5185/' failed: Error in connection establishment: net::ERR_CONNECTION_REFUSED
[2026-09-16T11:01:52.474Z] [error] WebSocket connection to 'ws://localhost:5185/' failed: Error in connection establishment: net::ERR_CONNECTION_REFUSED
[2026-09-16T11:01:56.474Z] [error] WebSocket connection to 'ws://localhost:5185/' failed: Error in connection establishment: net::ERR_CONNECTION_REFUSED
[2026-09-16T11:02:00.212Z] [error] WebSocket connection to 'ws://localhost:5185/' failed: Error in connection establishment: net::ERR_CONNECTION_REFUSED
[2026-09-16T11:02:05.401Z] [error] WebSocket connection to 'ws://localhost:5185/' failed: Error in connection establishment: net::ERR_CONNECTION_REFUSED
[2026-09-16T11:02:10.169Z] [error] WebSocket connection to 'ws://localhost:5185/' failed: Error in connection establishment: net::ERR_CONNECTION_REFUSED
[2026-09-16T11:02:13.602Z] [error] WebSocket connection to 'ws://localhost:5185/' failed: Error in connection establishment: net::ERR_CONNECTION_REFUSED
[2026-09-16T11:02:17.057Z] [error] WebSocket connection to 'ws://localhost:5185/' failed: Error in connection establishment: net::ERR_CONNECTION_REFUSED
[2026-09-16T11:02:22.835Z] [error] WebSocket connection to 'ws://localhost:5185/' failed: Error in connection establishment: net::ERR_CONNECTION_REFUSED
[2026-09-16T11:02:26.687Z] [error] WebSocket connection to 'ws://localhost:5185/' failed: Error in connection establishment: net::ERR_CONNECTION_REFUSED
[2026-09-16T11:02:29.321Z] [error] WebSocket connection to 'ws://localhost:5185/' failed: Error in connection establishment: net::ERR_CONNECTION_REFUSED
[2026-09-16T11:02:31.917Z] [error] WebSocket connection to 'ws://localhost:5185/' failed: Error in connection establishment: net::ERR_CONNECTION_REFUSED
[2026-09-16T11:02:35.620Z] [error] WebSocket connection to 'ws://localhost:5185/' failed: Error in connection establishment: net::ERR_CONNECTION_REFUSED
[2026-09-16T11:02:39.142Z] [error] WebSocket connection to 'ws://localhost:5185/' failed: Error in connection establishment: net::ERR_CONNECTION_REFUSED
[2026-09-16T11:02:45.087Z] [error] WebSocket connection to 'ws://localhost:5185/' failed: Error in connection establishment: net::ERR_CONNECTION_REFUSED
[2026-09-16T11:02:48.104Z] [error] WebSocket connection to 'ws://localhost:5185/' failed: Error in connection establishment: net::ERR_CONNECTION_REFUSED
[2026-09-16T11:02:50.650Z] [error] WebSocket connection to 'ws://localhost:5185/' failed: Error in connection establishment: net::ERR_CONNECTION_REFUSED
[2026-09-16T11:02:52.832Z] [error] WebSocket connection to 'ws://localhost:5185/' failed: Error in connection establishment: net::ERR_CONNECTION_REFUSED
[2026-09-16T11:02:56.358Z] [error] WebSocket connection to 'ws://localhost:5185/' failed: Error in connection establishment: net::ERR_CONNECTION_REFUSED
[2026-09-16T11:03:00.660Z] [error] WebSocket connection to 'ws://localhost:5185/' failed: Error in connection establishment: net::ERR_CONNECTION_REFUSED
[2026-09-16T11:03:03.821Z] [error] WebSocket connection to 'ws://localhost:5185/' failed: Error in connection establishment: net::ERR_CONNECTION_REFUSED
[2026-09-16T11:03:06.020Z] [error] WebSocket connection to 'ws://localhost:5185/' failed: Error in connection establishment: net::ERR_CONNECTION_REFUSED
[2026-09-16T11:03:09.578Z] [error] WebSocket connection to 'ws://localhost:5185/' failed: Error in connection establishment: net::ERR_CONNECTION_REFUSED
[2026-09-16T11:03:12.974Z] [error] WebSocket connection to 'ws://localhost:5185/' failed: Error in connection establishment: net::ERR_CONNECTION_REFUSED
[2026-09-16T11:03:16.684Z] [error] WebSocket connection to 'ws://localhost:5185/' failed: Error in connection establishment: net::ERR_CONNECTION_REFUSED
[2026-09-16T11:03:21.269Z] [error] WebSocket connection to 'ws://localhost:5185/' failed: Error in connection establishment: net::ERR_CONNECTION_REFUSED
[2026-09-16T11:03:24.327Z] [error] WebSocket connection to 'ws://localhost:5185/' failed: Error in connection establishment: net::ERR_CONNECTION_REFUSED
[2026-09-16T11:03:26.780Z] [error] WebSocket connection to 'ws://localhost:5185/' failed: Error in connection establishment: net::ERR_CONNECTION_REFUSED
[2026-09-16T11:03:30.291Z] [error] WebSocket connection to 'ws://localhost:5185/' failed: Error in connection establishment: net::ERR_CONNECTION_REFUSED
[2026-09-16T11:03:33.844Z] [error] WebSocket connection to 'ws://localhost:5185/' failed: Error in connection establishment: net::ERR_CONNECTION_REFUSED
[2026-09-16T11:03:36.213Z] [error] WebSocket connection to 'ws://localhost:5185/' failed: Error in connection establishment: net::ERR_CONNECTION_REFUSED
[2026-09-16T11:03:39.779Z] [error] WebSocket connection to 'ws://localhost:5185/' failed: Error in connection establishment: net::ERR_CONNECTION_REFUSED
[2026-09-16T11:03:42.352Z] [error] WebSocket connection to 'ws://localhost:5185/' failed: Error in connection establishment: net::ERR_CONNECTION_REFUSED
[2026-09-16T11:03:47.844Z] [error] WebSocket connection to 'ws://localhost:5185/' failed: Error in connection establishment: net::ERR_CONNECTION_REFUSED
[2026-09-16T11:03:49.987Z] [error] WebSocket connection to 'ws://localhost:5185/' failed: Error in connection establishment: net::ERR_CONNECTION_REFUSED
[2026-09-16T11:03:53.100Z] [error] WebSocket connection to 'ws://localhost:5185/' failed: Error in connection establishment: net::ERR_CONNECTION_REFUSED
[2026-09-16T11:03:58.885Z] [error] WebSocket connection to 'ws://localhost:5185/' failed: Error in connection establishment: net::ERR_CONNECTION_REFUSED
[2026-09-16T11:04:01.577Z] [error] WebSocket connection to 'ws://localhost:5185/' failed: Error in connection establishment: net::ERR_CONNECTION_REFUSED
[2026-09-16T11:04:04.900Z] [error] WebSocket connection to 'ws://localhost:5185/' failed: Error in connection establishment: net::ERR_CONNECTION_REFUSED
[2026-09-16T11:04:08.432Z] [error] WebSocket connection to 'ws://localhost:5185/' failed: Error in connection establishment: net::ERR_CONNECTION_REFUSED
[2026-09-16T11:04:11.441Z] [error] WebSocket connection to 'ws://localhost:5185/' failed: Error in connection establishment: net::ERR_CONNECTION_REFUSED
[2026-09-16T11:04:16.976Z] [error] WebSocket connection to 'ws://localhost:5185/' failed: Error in connection establishment: net::ERR_CONNECTION_REFUSED
[2026-09-16T11:04:22.475Z] [error] WebSocket connection to 'ws://localhost:5185/' failed: Error in connection establishment: net::ERR_CONNECTION_REFUSED
[2026-09-16T11:04:24.911Z] [error] WebSocket connection to 'ws://localhost:5185/' failed: Error in connection establishment: net::ERR_CONNECTION_REFUSED
[2026-09-16T11:04:29.793Z] [error] WebSocket connection to 'ws://localhost:5185/' failed: Error in connection establishment: net::ERR_CONNECTION_REFUSED
[2026-09-16T11:04:34.825Z] [error] WebSocket connection to 'ws://localhost:5185/' failed: Error in connection establishment: net::ERR_CONNECTION_REFUSED
[2026-09-16T11:04:40.271Z] [error] WebSocket connection to 'ws://localhost:5185/' failed: Error in connection establishment: net::ERR_CONNECTION_REFUSED
[2026-09-16T11:04:45.784Z] [error] WebSocket connection to 'ws://localhost:5185/' failed: Error in connection establishment: net::ERR_CONNECTION_REFUSED
[2026-09-16T11:04:48.242Z] [error] WebSocket connection to 'ws://localhost:5185/' failed: Error in connection establishment: net::ERR_CONNECTION_REFUSED
[2026-09-16T11:04:52.742Z] [error] WebSocket connection to 'ws://localhost:5185/' failed: Error in connection establishment: net::ERR_CONNECTION_REFUSED
[2026-09-16T11:04:57.150Z] [error] WebSocket connection to 'ws://localhost:5185/' failed: Error in connection establishment: net::ERR_CONNECTION_REFUSED
[2026-09-16T11:05:01.629Z] [error] WebSocket connection to 'ws://localhost:5185/' failed: Error in connection establishment: net::ERR_CONNECTION_REFUSED
[2026-09-16T11:05:06.328Z] [error] WebSocket connection to 'ws://localhost:5185/' failed: Error in connection establishment: net::ERR_CONNECTION_REFUSED
[2026-09-16T11:05:10.915Z] [error] WebSocket connection to 'ws://localhost:5185/' failed: Error in connection establishment: net::ERR_CONNECTION_REFUSED
[2026-09-16T11:05:13.710Z] [error] WebSocket connection to 'ws://localhost:5185/' failed: Error in connection establishment: net::ERR_CONNECTION_REFUSED
[2026-09-16T11:05:16.925Z] [error] WebSocket connection to 'ws://localhost:5185/' failed: Error in connection establishment: net::ERR_CONNECTION_REFUSED
[2026-09-16T11:05:19.152Z] [error] WebSocket connection to 'ws://localhost:5185/' failed: Error in connection establishment: net::ERR_CONNECTION_REFUSED
[2026-09-16T11:05:24.664Z] [error] WebSocket connection to 'ws://localhost:5185/' failed: Error in connection establishment: net::ERR_CONNECTION_REFUSED
[2026-09-16T11:05:28.302Z] [error] WebSocket connection to 'ws://localhost:5185/' failed: Error in connection establishment: net::ERR_CONNECTION_REFUSED
[2026-09-16T11:05:33.838Z] [error] WebSocket connection to 'ws://localhost:5185/' failed: Error in connection establishment: net::ERR_CONNECTION_REFUSED
[2026-09-16T11:05:36.992Z] [error] WebSocket connection to 'ws://localhost:5185/' failed: Error in connection establishment: net::ERR_CONNECTION_REFUSED
[2026-09-16T11:05:39.747Z] [error] WebSocket connection to 'ws://localhost:5185/' failed: Error in connection establishment: net::ERR_CONNECTION_REFUSED
[2026-09-16T11:05:43.560Z] [error] WebSocket connection to 'ws://localhost:5185/' failed: Error in connection establishment: net::ERR_CONNECTION_REFUSED
[2026-09-16T11:05:48.833Z] [error] WebSocket connection to 'ws://localhost:5185/' failed: Error in connection establishment: net::ERR_CONNECTION_REFUSED
[2026-09-16T11:05:54.309Z] [error] WebSocket connection to 'ws://localhost:5185/' failed: Error in connection establishment: net::ERR_CONNECTION_REFUSED
[2026-09-16T11:05:59.215Z] [error] WebSocket connection to 'ws://localhost:5185/' failed: Error in connection establishment: net::ERR_CONNECTION_REFUSED
[2026-09-16T11:06:04.959Z] [error] WebSocket connection to 'ws://localhost:5185/' failed: Error in connection establishment: net::ERR_CONNECTION_REFUSED
[2026-09-16T11:06:09.775Z] [error] WebSocket connection to 'ws://localhost:5185/' failed: Error in connection establishment: net::ERR_CONNECTION_REFUSED
[2026-09-16T11:06:15.417Z] [error] WebSocket connection to 'ws://localhost:5185/' failed: Error in connection establishment: net::ERR_CONNECTION_REFUSED
[2026-09-16T11:06:21.059Z] [error] WebSocket connection to 'ws://localhost:5185/' failed: Error in connection establishment: net::ERR_CONNECTION_REFUSED
[2026-09-16T11:06:26.203Z] [error] WebSocket connection to 'ws://localhost:5185/' failed: Error in connection establishment: net::ERR_CONNECTION_REFUSED
[2026-09-16T11:06:30.651Z] [error] WebSocket connection to 'ws://localhost:5185/' failed: Error in connection establishment: net::ERR_CONNECTION_REFUSED
[2026-09-16T11:06:34.792Z] [error] WebSocket connection to 'ws://localhost:5185/' failed: Error in connection establishment: net::ERR_CONNECTION_REFUSED
[2026-09-16T11:06:40.381Z] [error] WebSocket connection to 'ws://localhost:5185/' failed: Error in connection establishment: net::ERR_CONNECTION_REFUSED
[2026-09-16T11:06:45.296Z] [error] WebSocket connection to 'ws://localhost:5185/' failed: Error in connection establishment: net::ERR_CONNECTION_REFUSED
[2026-09-16T11:06:48.298Z] [error] WebSocket connection to 'ws://localhost:5185/' failed: Error in connection establishment: net::ERR_CONNECTION_REFUSED
[2026-09-16T11:06:53.076Z] [error] WebSocket connection to 'ws://localhost:5185/' failed: Error in connection establishment: net::ERR_CONNECTION_REFUSED
[2026-09-16T11:06:58.044Z] [error] WebSocket connection to 'ws://localhost:5185/' failed: Error in connection establishment: net::ERR_CONNECTION_REFUSED
[2026-09-16T11:07:01.252Z] [error] WebSocket connection to 'ws://localhost:5185/' failed: Error in connection establishment: net::ERR_CONNECTION_REFUSED
[2026-09-16T11:07:04.125Z] [error] WebSocket connection to 'ws://localhost:5185/' failed: Error in connection establishment: net::ERR_CONNECTION_REFUSED
[2026-09-16T11:07:08.014Z] [error] WebSocket connection to 'ws://localhost:5185/' failed: Error in connection establishment: net::ERR_CONNECTION_REFUSED
[2026-09-16T11:07:13.328Z] [error] WebSocket connection to 'ws://localhost:5185/' failed: Error in connection establishment: net::ERR_CONNECTION_REFUSED
[2026-09-16T11:07:16.668Z] [error] WebSocket connection to 'ws://localhost:5185/' failed: Error in connection establishment: net::ERR_CONNECTION_REFUSED
[2026-09-16T11:07:22.399Z] [error] WebSocket connection to 'ws://localhost:5185/' failed: Error in connection establishment: net::ERR_CONNECTION_REFUSED
[2026-09-16T11:07:25.990Z] [error] WebSocket connection to 'ws://localhost:5185/' failed: Error in connection establishment: net::ERR_CONNECTION_REFUSED
[2026-09-16T11:07:30.026Z] [error] WebSocket connection to 'ws://localhost:5185/' failed: Error in connection establishment: net::ERR_CONNECTION_REFUSED
[2026-09-16T11:07:35.269Z] [error] WebSocket connection to 'ws://localhost:5185/' failed: Error in connection establishment: net::ERR_CONNECTION_REFUSED
[2026-09-16T11:07:35.581Z] [debug] [vite] connecting...
[2026-09-16T11:07:35.744Z] [log] %c %c %c %c %c Phaser v3.90.0 (Canvas | Web Audio) %c https://phaser.io/v390 background: #ff0000 background: #ffff00 background: #00ff00 background: #00ffff color: #ffffff; background: #000000 background: transparent
[2026-09-16T11:07:37.804Z] [debug] [vite] connected.
[2026-09-16T11:07:42.744Z] [debug] [vite] connecting...
[2026-09-16T11:07:42.812Z] [log] %c %c %c %c %c Phaser v3.90.0 (Canvas | Web Audio) %c https://phaser.io/v390 background: #ff0000 background: #ffff00 background: #00ff00 background: #00ffff color: #ffffff; background: #000000 background: transparent
[2026-09-16T11:07:46.577Z] [debug] [vite] connected.
[2026-09-16T11:08:06.217Z] [log] [vite] server connection lost. Polling for restart...
[2026-09-16T11:08:06.830Z] [error] WebSocket connection to 'ws://localhost:5186/' failed: Error in connection establishment: net::ERR_CONNECTION_REFUSED
[2026-09-16T11:08:08.529Z] [error] WebSocket connection to 'ws://localhost:5186/' failed: Error in connection establishment: net::ERR_CONNECTION_REFUSED
[2026-09-16T11:08:10.764Z] [error] WebSocket connection to 'ws://localhost:5186/' failed: Error in connection establishment: net::ERR_CONNECTION_REFUSED
[2026-09-16T11:08:12.849Z] [error] WebSocket connection to 'ws://localhost:5186/' failed: Error in connection establishment: net::ERR_CONNECTION_REFUSED
[2026-09-16T11:08:16.235Z] [error] WebSocket connection to 'ws://localhost:5186/' failed: Error in connection establishment: net::ERR_CONNECTION_REFUSED
[2026-09-16T11:08:19.626Z] [error] WebSocket connection to 'ws://localhost:5186/' failed: Error in connection establishment: net::ERR_CONNECTION_REFUSED
[2026-09-16T11:08:21.447Z] [error] WebSocket connection to 'ws://localhost:5186/' failed: Error in connection establishment: net::ERR_CONNECTION_REFUSED
[2026-09-16T11:08:24.613Z] [error] WebSocket connection to 'ws://localhost:5186/' failed: Error in connection establishment: net::ERR_CONNECTION_REFUSED
[2026-09-16T11:08:27.237Z] [error] WebSocket connection to 'ws://localhost:5186/' failed: Error in connection establishment: net::ERR_CONNECTION_REFUSED
[2026-09-16T11:08:31.695Z] [error] WebSocket connection to 'ws://localhost:5186/' failed: Error in connection establishment: net::ERR_CONNECTION_REFUSED
[2026-09-16T11:08:37.472Z] [error] WebSocket connection to 'ws://localhost:5186/' failed: Error in connection establishment: net::ERR_CONNECTION_REFUSED
[2026-09-16T11:08:43.082Z] [error] WebSocket connection to 'ws://localhost:5186/' failed: Error in connection establishment: net::ERR_CONNECTION_REFUSED
[2026-09-16T11:08:48.202Z] [error] WebSocket connection to 'ws://localhost:5186/' failed: Error in connection establishment: net::ERR_CONNECTION_REFUSED
[2026-09-16T11:08:53.282Z] [error] WebSocket connection to 'ws://localhost:5186/' failed: Error in connection establishment: net::ERR_CONNECTION_REFUSED
[2026-09-16T11:08:54.303Z] [error] WebSocket connection to 'ws://localhost:5186/' failed: Error in connection establishment: net::ERR_CONNECTION_REFUSED
[2026-09-16T11:08:55.319Z] [error] WebSocket connection to 'ws://localhost:5186/' failed: Error in connection establishment: net::ERR_CONNECTION_REFUSED
[2026-09-16T11:08:56.385Z] [error] WebSocket connection to 'ws://localhost:5186/' failed: Error in connection establishment: net::ERR_CONNECTION_REFUSED
[2026-09-16T11:08:57.423Z] [error] WebSocket connection to 'ws://localhost:5186/' failed: Error in connection establishment: net::ERR_CONNECTION_REFUSED
[2026-09-16T11:08:58.485Z] [error] WebSocket connection to 'ws://localhost:5186/' failed: Error in connection establishment: net::ERR_CONNECTION_REFUSED
[2026-09-16T11:08:59.557Z] [error] WebSocket connection to 'ws://localhost:5186/' failed: Error in connection establishment: net::ERR_CONNECTION_REFUSED
[2026-09-16T11:09:00.695Z] [error] WebSocket connection to 'ws://localhost:5186/' failed: Error in connection establishment: net::ERR_CONNECTION_REFUSED
[2026-09-16T11:09:01.844Z] [error] WebSocket connection to 'ws://localhost:5186/' failed: Error in connection establishment: net::ERR_CONNECTION_REFUSED
[2026-09-16T11:09:02.964Z] [error] WebSocket connection to 'ws://localhost:5186/' failed: Error in connection establishment: net::ERR_CONNECTION_REFUSED
[2026-09-16T11:09:04.151Z] [error] WebSocket connection to 'ws://localhost:5186/' failed: Error in connection establishment: net::ERR_CONNECTION_REFUSED
[2026-09-16T11:09:05.287Z] [error] WebSocket connection to 'ws://localhost:5186/' failed: Error in connection establishment: net::ERR_CONNECTION_REFUSED
[2026-09-16T11:09:06.808Z] [error] WebSocket connection to 'ws://localhost:5186/' failed: Error in connection establishment: net::ERR_CONNECTION_REFUSED
[2026-09-16T11:09:08.057Z] [error] WebSocket connection to 'ws://localhost:5186/' failed: Error in connection establishment: net::ERR_CONNECTION_REFUSED
[2026-09-16T11:09:09.207Z] [error] WebSocket connection to 'ws://localhost:5186/' failed: Error in connection establishment: net::ERR_CONNECTION_REFUSED
[2026-09-16T11:09:10.902Z] [error] WebSocket connection to 'ws://localhost:5186/' failed: Error in connection establishment: net::ERR_CONNECTION_REFUSED
[2026-09-16T11:09:12.228Z] [error] WebSocket connection to 'ws://localhost:5186/' failed: Error in connection establishment: net::ERR_CONNECTION_REFUSED
[2026-09-16T11:09:14.069Z] [error] WebSocket connection to 'ws://localhost:5186/' failed: Error in connection establishment: net::ERR_CONNECTION_REFUSED
[2026-09-16T11:09:17.548Z] [error] WebSocket connection to 'ws://localhost:5186/' failed: Error in connection establishment: net::ERR_CONNECTION_REFUSED
[2026-09-16T11:09:19.402Z] [error] WebSocket connection to 'ws://localhost:5186/' failed: Error in connection establishment: net::ERR_CONNECTION_REFUSED
[2026-09-16T11:09:21.462Z] [error] WebSocket connection to 'ws://localhost:5186/' failed: Error in connection establishment: net::ERR_CONNECTION_REFUSED
[2026-09-16T11:09:23.495Z] [error] WebSocket connection to 'ws://localhost:5186/' failed: Error in connection establishment: net::ERR_CONNECTION_REFUSED
[2026-09-16T11:09:28.218Z] [error] WebSocket connection to 'ws://localhost:5186/' failed: Error in connection establishment: net::ERR_CONNECTION_REFUSED
[2026-09-16T11:09:33.550Z] [error] WebSocket connection to 'ws://localhost:5186/' failed: Error in connection establishment: net::ERR_CONNECTION_REFUSED
[2026-09-16T11:09:39.254Z] [error] WebSocket connection to 'ws://localhost:5186/' failed: Error in connection establishment: net::ERR_CONNECTION_REFUSED
[2026-09-16T11:09:44.705Z] [error] WebSocket connection to 'ws://localhost:5186/' failed: Error in connection establishment: net::ERR_CONNECTION_REFUSED
[2026-09-16T11:09:47.678Z] [error] WebSocket connection to 'ws://localhost:5186/' failed: Error in connection establishment: net::ERR_CONNECTION_REFUSED
[2026-09-16T11:09:49.699Z] [error] WebSocket connection to 'ws://localhost:5186/' failed: Error in connection establishment: net::ERR_CONNECTION_REFUSED
[2026-09-16T11:09:53.838Z] [error] WebSocket connection to 'ws://localhost:5186/' failed: Error in connection establishment: net::ERR_CONNECTION_REFUSED
[2026-09-16T11:09:56.087Z] [error] WebSocket connection to 'ws://localhost:5186/' failed: Error in connection establishment: net::ERR_CONNECTION_REFUSED
[2026-09-16T11:10:00.979Z] [error] WebSocket connection to 'ws://localhost:5186/' failed: Error in connection establishment: net::ERR_CONNECTION_REFUSED
[2026-09-16T11:10:02.917Z] [debug] [vite] connecting...
[2026-09-16T11:10:03.079Z] [log] %c %c %c %c %c Phaser v3.90.0 (Canvas | Web Audio) %c https://phaser.io/v390 background: #ff0000 background: #ffff00 background: #00ff00 background: #00ffff color: #ffffff; background: #000000 background: transparent
[2026-09-16T11:10:05.097Z] [debug] [vite] connected.
[2026-09-16T11:10:11.458Z] [log] [vite] server connection lost. Polling for restart...
[2026-09-16T11:10:12.056Z] [error] WebSocket connection to 'ws://localhost:5187/' failed: Error in connection establishment: net::ERR_CONNECTION_REFUSED
[2026-09-16T11:10:13.961Z] [error] WebSocket connection to 'ws://localhost:5187/' failed: Error in connection establishment: net::ERR_CONNECTION_REFUSED
[2026-09-16T11:10:17.392Z] [error] WebSocket connection to 'ws://localhost:5187/' failed: Error in connection establishment: net::ERR_CONNECTION_REFUSED
[2026-09-16T11:10:20.864Z] [error] WebSocket connection to 'ws://localhost:5187/' failed: Error in connection establishment: net::ERR_CONNECTION_REFUSED
[2026-09-16T11:10:26.375Z] [error] WebSocket connection to 'ws://localhost:5187/' failed: Error in connection establishment: net::ERR_CONNECTION_REFUSED
[2026-09-16T11:10:30.387Z] [error] WebSocket connection to 'ws://localhost:5187/' failed: Error in connection establishment: net::ERR_CONNECTION_REFUSED
[2026-09-16T11:10:34.296Z] [error] WebSocket connection to 'ws://localhost:5187/' failed: Error in connection establishment: net::ERR_CONNECTION_REFUSED
[2026-09-16T11:10:36.919Z] [error] WebSocket connection to 'ws://localhost:5187/' failed: Error in connection establishment: net::ERR_CONNECTION_REFUSED
[2026-09-16T11:10:40.871Z] [error] WebSocket connection to 'ws://localhost:5187/' failed: Error in connection establishment: net::ERR_CONNECTION_REFUSED
[2026-09-16T11:10:44.187Z] [error] WebSocket connection to 'ws://localhost:5187/' failed: Error in connection establishment: net::ERR_CONNECTION_REFUSED
[2026-09-16T11:10:48.805Z] [error] WebSocket connection to 'ws://localhost:5187/' failed: Error in connection establishment: net::ERR_CONNECTION_REFUSED
[2026-09-16T11:10:51.294Z] [error] WebSocket connection to 'ws://localhost:5187/' failed: Error in connection establishment: net::ERR_CONNECTION_REFUSED
[2026-09-16T11:10:54.931Z] [error] WebSocket connection to 'ws://localhost:5187/' failed: Error in connection establishment: net::ERR_CONNECTION_REFUSED
[2026-09-16T11:10:58.189Z] [error] WebSocket connection to 'ws://localhost:5187/' failed: Error in connection establishment: net::ERR_CONNECTION_REFUSED
[2026-09-16T11:11:02.716Z] [error] WebSocket connection to 'ws://localhost:5187/' failed: Error in connection establishment: net::ERR_CONNECTION_REFUSED
[2026-09-16T11:11:07.973Z] [error] WebSocket connection to 'ws://localhost:5187/' failed: Error in connection establishment: net::ERR_CONNECTION_REFUSED
[2026-09-16T11:11:10.153Z] [error] WebSocket connection to 'ws://localhost:5187/' failed: Error in connection establishment: net::ERR_CONNECTION_REFUSED
[2026-09-16T11:11:15.320Z] [error] WebSocket connection to 'ws://localhost:5187/' failed: Error in connection establishment: net::ERR_CONNECTION_REFUSED
[2026-09-16T11:11:17.930Z] [error] WebSocket connection to 'ws://localhost:5187/' failed: Error in connection establishment: net::ERR_CONNECTION_REFUSED
[2026-09-16T11:11:20.773Z] [error] WebSocket connection to 'ws://localhost:5187/' failed: Error in connection establishment: net::ERR_CONNECTION_REFUSED
[2026-09-16T11:11:24.418Z] [error] WebSocket connection to 'ws://localhost:5187/' failed: Error in connection establishment: net::ERR_CONNECTION_REFUSED
[2026-09-16T11:11:27.704Z] [error] WebSocket connection to 'ws://localhost:5187/' failed: Error in connection establishment: net::ERR_CONNECTION_REFUSED
[2026-09-16T11:11:30.223Z] [error] WebSocket connection to 'ws://localhost:5187/' failed: Error in connection establishment: net::ERR_CONNECTION_REFUSED
[2026-09-16T11:11:35.191Z] [error] WebSocket connection to 'ws://localhost:5187/' failed: Error in connection establishment: net::ERR_CONNECTION_REFUSED
[2026-09-16T11:11:40.725Z] [error] WebSocket connection to 'ws://localhost:5187/' failed: Error in connection establishment: net::ERR_CONNECTION_REFUSED
[2026-09-16T11:11:44.250Z] [error] WebSocket connection to 'ws://localhost:5187/' failed: Error in connection establishment: net::ERR_CONNECTION_REFUSED
[2026-09-16T11:11:50.230Z] [error] WebSocket connection to 'ws://localhost:5187/' failed: Error in connection establishment: net::ERR_CONNECTION_REFUSED
[2026-09-16T11:11:52.982Z] [error] WebSocket connection to 'ws://localhost:5187/' failed: Error in connection establishment: net::ERR_CONNECTION_REFUSED
[2026-09-16T11:11:56.091Z] [error] WebSocket connection to 'ws://localhost:5187/' failed: Error in connection establishment: net::ERR_CONNECTION_REFUSED
[2026-09-16T11:11:59.497Z] [error] WebSocket connection to 'ws://localhost:5187/' failed: Error in connection establishment: net::ERR_CONNECTION_REFUSED
[2026-09-16T11:12:04.131Z] [error] WebSocket connection to 'ws://localhost:5187/' failed: Error in connection establishment: net::ERR_CONNECTION_REFUSED
[2026-09-16T11:12:08.037Z] [error] WebSocket connection to 'ws://localhost:5187/' failed: Error in connection establishment: net::ERR_CONNECTION_REFUSED
[2026-09-16T11:12:12.931Z] [error] WebSocket connection to 'ws://localhost:5187/' failed: Error in connection establishment: net::ERR_CONNECTION_REFUSED
[2026-09-16T11:12:16.290Z] [error] WebSocket connection to 'ws://localhost:5187/' failed: Error in connection establishment: net::ERR_CONNECTION_REFUSED
[2026-09-16T11:12:18.418Z] [debug] [vite] connecting...
[2026-09-16T11:12:18.598Z] [log] %c %c %c %c %c Phaser v3.90.0 (Canvas | Web Audio) %c https://phaser.io/v390 background: #ff0000 background: #ffff00 background: #00ff00 background: #00ffff color: #ffffff; background: #000000 background: transparent
[2026-09-16T11:12:21.455Z] [debug] [vite] connecting...
[2026-09-16T11:12:21.579Z] [log] %c %c %c %c %c Phaser v3.90.0 (Canvas | Web Audio) %c https://phaser.io/v390 background: #ff0000 background: #ffff00 background: #00ff00 background: #00ffff color: #ffffff; background: #000000 background: transparent
[2026-09-16T11:12:25.998Z] [debug] [vite] connected.
[2026-09-16T11:12:42.035Z] [log] %c %c %c %c %c Phaser v3.90.0 (Canvas | Web Audio) %c https://phaser.io/v390 background: #ff0000 background: #ffff00 background: #00ff00 background: #00ffff color: #ffffff; background: #000000 background: transparent
[2026-09-16T11:12:42.036Z] [debug] [vite] hot updated: /src/App.vue
[2026-09-16T11:12:50.481Z] [debug] [vite] connecting...
[2026-09-16T11:12:50.621Z] [log] %c %c %c %c %c Phaser v3.90.0 (Canvas | Web Audio) %c https://phaser.io/v390 background: #ff0000 background: #ffff00 background: #00ff00 background: #00ffff color: #ffffff; background: #000000 background: transparent
[2026-09-16T11:12:54.248Z] [debug] [vite] connected.
[2026-09-16T11:13:15.109Z] [log] %c %c %c %c %c Phaser v3.90.0 (Canvas | Web Audio) %c https://phaser.io/v390 background: #ff0000 background: #ffff00 background: #00ff00 background: #00ffff color: #ffffff; background: #000000 background: transparent
[2026-09-16T11:13:15.112Z] [debug] [vite] hot updated: /src/App.vue
[2026-09-16T11:13:25.777Z] [log] [vite] server connection lost. Polling for restart...
[2026-09-16T11:13:25.798Z] [error] WebSocket connection to 'ws://localhost:5188/' failed: Error in connection establishment: net::ERR_CONNECTION_REFUSED
[2026-09-16T11:13:26.806Z] [error] WebSocket connection to 'ws://localhost:5188/' failed: Error in connection establishment: net::ERR_CONNECTION_REFUSED
[2026-09-16T11:13:27.851Z] [error] WebSocket connection to 'ws://localhost:5188/' failed: Error in connection establishment: net::ERR_CONNECTION_REFUSED
[2026-09-16T11:13:28.899Z] [error] WebSocket connection to 'ws://localhost:5188/' failed: Error in connection establishment: net::ERR_CONNECTION_REFUSED
[2026-09-16T11:13:29.963Z] [error] WebSocket connection to 'ws://localhost:5188/' failed: Error in connection establishment: net::ERR_CONNECTION_REFUSED
[2026-09-16T11:13:31.020Z] [error] WebSocket connection to 'ws://localhost:5188/' failed: Error in connection establishment: net::ERR_CONNECTION_REFUSED
[2026-09-16T11:13:31.984Z] [error] WebSocket connection to 'ws://localhost:5188/' failed: Error in connection establishment: net::ERR_CONNECTION_REFUSED
[2026-09-16T11:13:33.052Z] [error] WebSocket connection to 'ws://localhost:5188/' failed: Error in connection establishment: net::ERR_CONNECTION_REFUSED
[2026-09-16T11:13:34.201Z] [error] WebSocket connection to 'ws://localhost:5188/' failed: Error in connection establishment: net::ERR_CONNECTION_REFUSED
[2026-09-16T11:13:35.493Z] [error] WebSocket connection to 'ws://localhost:5188/' failed: Error in connection establishment: net::ERR_CONNECTION_REFUSED
[2026-09-16T11:13:36.750Z] [error] WebSocket connection to 'ws://localhost:5188/' failed: Error in connection establishment: net::ERR_CONNECTION_REFUSED
[2026-09-16T11:13:38.043Z] [error] WebSocket connection to 'ws://localhost:5188/' failed: Error in connection establishment: net::ERR_CONNECTION_REFUSED
[2026-09-16T11:13:39.552Z] [error] WebSocket connection to 'ws://localhost:5188/' failed: Error in connection establishment: net::ERR_CONNECTION_REFUSED
[2026-09-16T11:13:41.092Z] [error] WebSocket connection to 'ws://localhost:5188/' failed: Error in connection establishment: net::ERR_CONNECTION_REFUSED
[2026-09-16T11:13:42.453Z] [error] WebSocket connection to 'ws://localhost:5188/' failed: Error in connection establishment: net::ERR_CONNECTION_REFUSED
[2026-09-16T11:13:43.867Z] [error] WebSocket connection to 'ws://localhost:5188/' failed: Error in connection establishment: net::ERR_CONNECTION_REFUSED
[2026-09-16T11:13:45.476Z] [error] WebSocket connection to 'ws://localhost:5188/' failed: Error in connection establishment: net::ERR_CONNECTION_REFUSED
[2026-09-16T11:13:47.309Z] [error] WebSocket connection to 'ws://localhost:5188/' failed: Error in connection establishment: net::ERR_CONNECTION_REFUSED
[2026-09-16T11:13:49.672Z] [error] WebSocket connection to 'ws://localhost:5188/' failed: Error in connection establishment: net::ERR_CONNECTION_REFUSED
[2026-09-16T11:13:52.647Z] [error] WebSocket connection to 'ws://localhost:5188/' failed: Error in connection establishment: net::ERR_CONNECTION_REFUSED
[2026-09-16T11:13:54.226Z] [error] WebSocket connection to 'ws://localhost:5188/' failed: Error in connection establishment: net::ERR_CONNECTION_REFUSED
[2026-09-16T11:13:57.121Z] [error] WebSocket connection to 'ws://localhost:5188/' failed: Error in connection establishment: net::ERR_CONNECTION_REFUSED
[2026-09-16T11:14:01.802Z] [error] WebSocket connection to 'ws://localhost:5188/' failed: Error in connection establishment: net::ERR_CONNECTION_REFUSED
[2026-09-16T11:14:04.550Z] [error] WebSocket connection to 'ws://localhost:5188/' failed: Error in connection establishment: net::ERR_CONNECTION_REFUSED
[2026-09-16T11:14:06.825Z] [error] WebSocket connection to 'ws://localhost:5188/' failed: Error in connection establishment: net::ERR_CONNECTION_REFUSED
[2026-09-16T11:14:11.590Z] [error] WebSocket connection to 'ws://localhost:5188/' failed: Error in connection establishment: net::ERR_CONNECTION_REFUSED
[2026-09-16T11:14:15.934Z] [error] WebSocket connection to 'ws://localhost:5188/' failed: Error in connection establishment: net::ERR_CONNECTION_REFUSED
[2026-09-16T11:14:19.762Z] [error] WebSocket connection to 'ws://localhost:5188/' failed: Error in connection establishment: net::ERR_CONNECTION_REFUSED
[2026-09-16T11:14:25.035Z] [error] WebSocket connection to 'ws://localhost:5188/' failed: Error in connection establishment: net::ERR_CONNECTION_REFUSED
[2026-09-16T11:14:29.220Z] [error] WebSocket connection to 'ws://localhost:5188/' failed: Error in connection establishment: net::ERR_CONNECTION_REFUSED
[2026-09-16T11:14:32.477Z] [error] WebSocket connection to 'ws://localhost:5188/' failed: Error in connection establishment: net::ERR_CONNECTION_REFUSED
[2026-09-16T11:14:38.193Z] [error] WebSocket connection to 'ws://localhost:5188/' failed: Error in connection establishment: net::ERR_CONNECTION_REFUSED
[2026-09-16T11:14:43.761Z] [error] WebSocket connection to 'ws://localhost:5188/' failed: Error in connection establishment: net::ERR_CONNECTION_REFUSED
[2026-09-16T11:14:49.309Z] [error] WebSocket connection to 'ws://localhost:5188/' failed: Error in connection establishment: net::ERR_CONNECTION_REFUSED
[2026-09-16T11:14:53.958Z] [error] WebSocket connection to 'ws://localhost:5188/' failed: Error in connection establishment: net::ERR_CONNECTION_REFUSED
[2026-09-16T11:14:57.036Z] [error] WebSocket connection to 'ws://localhost:5188/' failed: Error in connection establishment: net::ERR_CONNECTION_REFUSED
[2026-09-16T11:14:59.103Z] [error] WebSocket connection to 'ws://localhost:5188/' failed: Error in connection establishment: net::ERR_CONNECTION_REFUSED
[2026-09-16T11:15:03.977Z] [error] WebSocket connection to 'ws://localhost:5188/' failed: Error in connection establishment: net::ERR_CONNECTION_REFUSED
[2026-09-16T11:15:09.670Z] [error] WebSocket connection to 'ws://localhost:5188/' failed: Error in connection establishment: net::ERR_CONNECTION_REFUSED
[2026-09-16T11:15:14.137Z] [error] WebSocket connection to 'ws://localhost:5188/' failed: Error in connection establishment: net::ERR_CONNECTION_REFUSED
[2026-09-16T11:15:18.492Z] [error] WebSocket connection to 'ws://localhost:5188/' failed: Error in connection establishment: net::ERR_CONNECTION_REFUSED
[2026-09-16T11:15:21.713Z] [error] WebSocket connection to 'ws://localhost:5188/' failed: Error in connection establishment: net::ERR_CONNECTION_REFUSED
[2026-09-16T11:15:26.917Z] [error] WebSocket connection to 'ws://localhost:5188/' failed: Error in connection establishment: net::ERR_CONNECTION_REFUSED
[2026-09-16T11:15:30.433Z] [error] WebSocket connection to 'ws://localhost:5188/' failed: Error in connection establishment: net::ERR_CONNECTION_REFUSED
[2026-09-16T11:15:35.755Z] [error] WebSocket connection to 'ws://localhost:5188/' failed: Error in connection establishment: net::ERR_CONNECTION_REFUSED
[2026-09-16T11:15:40.643Z] [error] WebSocket connection to 'ws://localhost:5188/' failed: Error in connection establishment: net::ERR_CONNECTION_REFUSED
[2026-09-16T11:15:44.444Z] [error] WebSocket connection to 'ws://localhost:5188/' failed: Error in connection establishment: net::ERR_CONNECTION_REFUSED
[2026-09-16T11:15:48.141Z] [error] WebSocket connection to 'ws://localhost:5188/' failed: Error in connection establishment: net::ERR_CONNECTION_REFUSED
[2026-09-16T11:15:52.831Z] [error] WebSocket connection to 'ws://localhost:5188/' failed: Error in connection establishment: net::ERR_CONNECTION_REFUSED
[2026-09-16T11:15:56.615Z] [error] WebSocket connection to 'ws://localhost:5188/' failed: Error in connection establishment: net::ERR_CONNECTION_REFUSED
[2026-09-16T11:15:59.513Z] [error] WebSocket connection to 'ws://localhost:5188/' failed: Error in connection establishment: net::ERR_CONNECTION_REFUSED
[2026-09-16T11:16:03.541Z] [error] WebSocket connection to 'ws://localhost:5188/' failed: Error in connection establishment: net::ERR_CONNECTION_REFUSED
[2026-09-16T11:16:09.094Z] [error] WebSocket connection to 'ws://localhost:5188/' failed: Error in connection establishment: net::ERR_CONNECTION_REFUSED
[2026-09-16T11:16:15.002Z] [error] WebSocket connection to 'ws://localhost:5188/' failed: Error in connection establishment: net::ERR_CONNECTION_REFUSED
[2026-09-16T11:16:19.874Z] [error] WebSocket connection to 'ws://localhost:5188/' failed: Error in connection establishment: net::ERR_CONNECTION_REFUSED
[2026-09-16T11:16:24.813Z] [error] WebSocket connection to 'ws://localhost:5188/' failed: Error in connection establishment: net::ERR_CONNECTION_REFUSED
[2026-09-16T11:16:28.113Z] [error] WebSocket connection to 'ws://localhost:5188/' failed: Error in connection establishment: net::ERR_CONNECTION_REFUSED
[2026-09-16T11:16:30.591Z] [error] WebSocket connection to 'ws://localhost:5188/' failed: Error in connection establishment: net::ERR_CONNECTION_REFUSED
[2026-09-16T11:16:32.637Z] [error] WebSocket connection to 'ws://localhost:5188/' failed: Error in connection establishment: net::ERR_CONNECTION_REFUSED
[2026-09-16T11:16:37.265Z] [error] WebSocket connection to 'ws://localhost:5188/' failed: Error in connection establishment: net::ERR_CONNECTION_REFUSED
[2026-09-16T11:16:40.870Z] [error] WebSocket connection to 'ws://localhost:5188/' failed: Error in connection establishment: net::ERR_CONNECTION_REFUSED
[2026-09-16T11:16:44.020Z] [error] WebSocket connection to 'ws://localhost:5188/' failed: Error in connection establishment: net::ERR_CONNECTION_REFUSED
[2026-09-16T11:16:46.843Z] [error] WebSocket connection to 'ws://localhost:5188/' failed: Error in connection establishment: net::ERR_CONNECTION_REFUSED
[2026-09-16T11:16:52.784Z] [error] WebSocket connection to 'ws://localhost:5188/' failed: Error in connection establishment: net::ERR_CONNECTION_REFUSED
[2026-09-16T11:16:57.126Z] [error] WebSocket connection to 'ws://localhost:5188/' failed: Error in connection establishment: net::ERR_CONNECTION_REFUSED
[2026-09-16T11:17:00.092Z] [error] WebSocket connection to 'ws://localhost:5188/' failed: Error in connection establishment: net::ERR_CONNECTION_REFUSED
[2026-09-16T11:17:04.520Z] [error] WebSocket connection to 'ws://localhost:5188/' failed: Error in connection establishment: net::ERR_CONNECTION_REFUSED
[2026-09-16T11:17:10.304Z] [error] WebSocket connection to 'ws://localhost:5188/' failed: Error in connection establishment: net::ERR_CONNECTION_REFUSED
[2026-09-16T11:17:15.144Z] [error] WebSocket connection to 'ws://localhost:5188/' failed: Error in connection establishment: net::ERR_CONNECTION_REFUSED
[2026-09-16T11:17:17.491Z] [error] WebSocket connection to 'ws://localhost:5188/' failed: Error in connection establishment: net::ERR_CONNECTION_REFUSED
[2026-09-16T11:17:20.758Z] [error] WebSocket connection to 'ws://localhost:5188/' failed: Error in connection establishment: net::ERR_CONNECTION_REFUSED
[2026-09-16T11:17:25.774Z] [error] WebSocket connection to 'ws://localhost:5188/' failed: Error in connection establishment: net::ERR_CONNECTION_REFUSED
[2026-09-16T11:17:30.259Z] [error] WebSocket connection to 'ws://localhost:5188/' failed: Error in connection establishment: net::ERR_CONNECTION_REFUSED
[2026-09-16T11:17:33.607Z] [error] WebSocket connection to 'ws://localhost:5188/' failed: Error in connection establishment: net::ERR_CONNECTION_REFUSED
[2026-09-16T11:17:36.858Z] [error] WebSocket connection to 'ws://localhost:5188/' failed: Error in connection establishment: net::ERR_CONNECTION_REFUSED
[2026-09-16T11:17:41.407Z] [error] WebSocket connection to 'ws://localhost:5188/' failed: Error in connection establishment: net::ERR_CONNECTION_REFUSED
[2026-09-16T11:17:44.881Z] [error] WebSocket connection to 'ws://localhost:5188/' failed: Error in connection establishment: net::ERR_CONNECTION_REFUSED
[2026-09-16T11:17:49.931Z] [error] WebSocket connection to 'ws://localhost:5188/' failed: Error in connection establishment: net::ERR_CONNECTION_REFUSED
[2026-09-16T11:17:51.966Z] [error] WebSocket connection to 'ws://localhost:5188/' failed: Error in connection establishment: net::ERR_CONNECTION_REFUSED
[2026-09-16T11:17:54.617Z] [error] WebSocket connection to 'ws://localhost:5188/' failed: Error in connection establishment: net::ERR_CONNECTION_REFUSED
[2026-09-16T11:17:56.128Z] [log] %c %c %c %c %c Phaser v3.90.0 (Canvas | Web Audio) %c https://phaser.io/v390 background: #ff0000 background: #ffff00 background: #00ff00 background: #00ffff color: #ffffff; background: #000000 background: transparent
[2026-09-16T11:18:05.809Z] [log] %c %c %c %c %c Phaser v3.90.0 (Canvas | Web Audio) %c https://phaser.io/v390 background: #ff0000 background: #ffff00 background: #00ff00 background: #00ffff color: #ffffff; background: #000000 background: transparent
